emp_id,name,month,grade,practice,billable_hours,available_hours,utilization_pct
1001,Jeffrey Davis,2025-01,Analyst,Strategy & Growth,112,160,69.8
1001,Jeffrey Davis,2025-02,Analyst,Strategy & Growth,110,160,68.8
1001,Jeffrey Davis,2025-03,Analyst,Strategy & Growth,121,160,75.3
1001,Jeffrey Davis,2025-04,Analyst,Strategy & Growth,106,160,66.0
1001,Jeffrey Davis,2025-05,Analyst,Strategy & Growth,104,160,64.7
1001,Jeffrey Davis,2025-06,Analyst,Strategy & Growth,104,160,64.9
1001,Jeffrey Davis,2025-07,Analyst,Strategy & Growth,110,160,68.7
1001,Jeffrey Davis,2025-08,Analyst,Strategy & Growth,127,160,79.1
1001,Jeffrey Davis,2025-09,Analyst,Strategy & Growth,119,160,74.2
1001,Jeffrey Davis,2025-10,Analyst,Strategy & Growth,115,160,72.0
1001,Jeffrey Davis,2025-11,Analyst,Strategy & Growth,99,160,61.6
1001,Jeffrey Davis,2025-12,Analyst,Strategy & Growth,96,160,60.2
1001,Jeffrey Davis,2026-01,Analyst,Strategy & Growth,113,160,70.5
1001,Jeffrey Davis,2026-02,Analyst,Strategy & Growth,118,160,73.7
1001,Jeffrey Davis,2026-03,Analyst,Strategy & Growth,114,160,71.5
1001,Jeffrey Davis,2026-04,Analyst,Strategy & Growth,130,160,81.4
1002,Olivia Mitchell,2025-01,Analyst,HR & People,109,160,68.0
1002,Olivia Mitchell,2025-02,Analyst,HR & People,124,160,77.8
1002,Olivia Mitchell,2025-03,Analyst,HR & People,105,160,65.8
1002,Olivia Mitchell,2025-04,Analyst,HR & People,104,160,65.0
1002,Olivia Mitchell,2025-05,Analyst,HR & People,115,160,71.9
1002,Olivia Mitchell,2025-06,Analyst,HR & People,117,160,73.2
1002,Olivia Mitchell,2025-07,Analyst,HR & People,120,160,75.0
1002,Olivia Mitchell,2025-08,Analyst,HR & People,106,160,66.4
1002,Olivia Mitchell,2025-09,Analyst,HR & People,123,160,77.0
1002,Olivia Mitchell,2025-10,Analyst,HR & People,120,160,75.2
1002,Olivia Mitchell,2025-11,Analyst,HR & People,98,160,61.4
1002,Olivia Mitchell,2025-12,Analyst,HR & People,102,160,64.0
1002,Olivia Mitchell,2026-01,Analyst,HR & People,120,160,74.9
1002,Olivia Mitchell,2026-02,Analyst,HR & People,116,160,72.7
1002,Olivia Mitchell,2026-03,Analyst,HR & People,121,160,75.5
1002,Olivia Mitchell,2026-04,Analyst,HR & People,121,160,75.9
1003,Stephanie Anderson,2025-01,Analyst,HR & People,122,160,76.4
1003,Stephanie Anderson,2025-02,Analyst,HR & People,112,160,70.1
1003,Stephanie Anderson,2025-03,Analyst,HR & People,126,160,78.5
1003,Stephanie Anderson,2025-04,Analyst,HR & People,110,160,68.8
1003,Stephanie Anderson,2025-05,Analyst,HR & People,117,160,73.4
1003,Stephanie Anderson,2025-06,Analyst,HR & People,113,160,70.9
1003,Stephanie Anderson,2025-07,Analyst,HR & People,117,160,73.1
1003,Stephanie Anderson,2025-08,Analyst,HR & People,104,160,65.0
1003,Stephanie Anderson,2025-09,Analyst,HR & People,127,160,79.4
1003,Stephanie Anderson,2025-10,Analyst,HR & People,99,160,61.6
1003,Stephanie Anderson,2025-11,Analyst,HR & People,116,160,72.2
1003,Stephanie Anderson,2025-12,Analyst,HR & People,112,160,70.0
1003,Stephanie Anderson,2026-01,Analyst,HR & People,112,160,70.2
1003,Stephanie Anderson,2026-02,Analyst,HR & People,108,160,67.3
1003,Stephanie Anderson,2026-03,Analyst,HR & People,112,160,69.8
1003,Stephanie Anderson,2026-04,Analyst,HR & People,120,160,74.8
1004,Joshua Anderson,2025-01,Analyst,Finance & Risk,106,160,66.5
1004,Joshua Anderson,2025-02,Analyst,Finance & Risk,113,160,70.5
1004,Joshua Anderson,2025-03,Analyst,Finance & Risk,120,160,75.0
1004,Joshua Anderson,2025-04,Analyst,Finance & Risk,114,160,71.5
1004,Joshua Anderson,2025-05,Analyst,Finance & Risk,103,160,64.5
1004,Joshua Anderson,2025-06,Analyst,Finance & Risk,110,160,68.6
1004,Joshua Anderson,2025-07,Analyst,Finance & Risk,110,160,68.5
1004,Joshua Anderson,2025-08,Analyst,Finance & Risk,124,160,77.8
1004,Joshua Anderson,2025-09,Analyst,Finance & Risk,104,160,65.1
1004,Joshua Anderson,2025-10,Analyst,Finance & Risk,102,160,63.7
1004,Joshua Anderson,2025-11,Analyst,Finance & Risk,103,160,64.2
1004,Joshua Anderson,2025-12,Analyst,Finance & Risk,116,160,72.7
1004,Joshua Anderson,2026-01,Analyst,Finance & Risk,121,160,75.4
1004,Joshua Anderson,2026-02,Analyst,Finance & Risk,126,160,78.9
1004,Joshua Anderson,2026-03,Analyst,Finance & Risk,111,160,69.2
1004,Joshua Anderson,2026-04,Analyst,Finance & Risk,109,160,67.8
1005,Lauren Moore,2025-01,Analyst,Operations Excellence,108,160,67.6
1005,Lauren Moore,2025-02,Analyst,Operations Excellence,106,160,66.4
1005,Lauren Moore,2025-03,Analyst,Operations Excellence,109,160,68.3
1005,Lauren Moore,2025-04,Analyst,Operations Excellence,106,160,66.3
1005,Lauren Moore,2025-05,Analyst,Operations Excellence,104,160,65.0
1005,Lauren Moore,2025-06,Analyst,Operations Excellence,123,160,76.7
1005,Lauren Moore,2025-07,Analyst,Operations Excellence,118,160,73.5
1005,Lauren Moore,2025-08,Analyst,Operations Excellence,124,160,77.2
1005,Lauren Moore,2025-09,Analyst,Operations Excellence,126,160,78.7
1005,Lauren Moore,2025-10,Analyst,Operations Excellence,107,160,67.0
1005,Lauren Moore,2025-11,Analyst,Operations Excellence,108,160,67.5
1005,Lauren Moore,2025-12,Analyst,Operations Excellence,104,160,64.9
1005,Lauren Moore,2026-01,Analyst,Operations Excellence,116,160,72.4
1005,Lauren Moore,2026-02,Analyst,Operations Excellence,113,160,70.4
1005,Lauren Moore,2026-03,Analyst,Operations Excellence,119,160,74.6
1005,Lauren Moore,2026-04,Analyst,Operations Excellence,117,160,73.0
1006,Robert Thompson,2025-01,Analyst,Technology & Digital,118,160,73.6
1006,Robert Thompson,2025-02,Analyst,Technology & Digital,125,160,78.2
1006,Robert Thompson,2025-03,Analyst,Technology & Digital,121,160,75.8
1006,Robert Thompson,2025-04,Analyst,Technology & Digital,118,160,73.7
1006,Robert Thompson,2025-05,Analyst,Technology & Digital,103,160,64.4
1006,Robert Thompson,2025-06,Analyst,Technology & Digital,108,160,67.7
1006,Robert Thompson,2025-07,Analyst,Technology & Digital,120,160,74.8
1006,Robert Thompson,2025-08,Analyst,Technology & Digital,124,160,77.8
1006,Robert Thompson,2025-09,Analyst,Technology & Digital,117,160,73.4
1006,Robert Thompson,2025-10,Analyst,Technology & Digital,97,160,60.3
1006,Robert Thompson,2025-11,Analyst,Technology & Digital,116,160,72.2
1006,Robert Thompson,2025-12,Analyst,Technology & Digital,117,160,73.1
1006,Robert Thompson,2026-01,Analyst,Technology & Digital,120,160,75.2
1006,Robert Thompson,2026-02,Analyst,Technology & Digital,125,160,78.2
1006,Robert Thompson,2026-03,Analyst,Technology & Digital,110,160,68.8
1006,Robert Thompson,2026-04,Analyst,Technology & Digital,119,160,74.3
1007,Jennifer Reed,2025-01,Analyst,Finance & Risk,114,160,71.1
1007,Jennifer Reed,2025-02,Analyst,Finance & Risk,110,160,68.5
1007,Jennifer Reed,2025-03,Analyst,Finance & Risk,128,160,80.0
1007,Jennifer Reed,2025-04,Analyst,Finance & Risk,114,160,71.0
1007,Jennifer Reed,2025-05,Analyst,Finance & Risk,123,160,77.0
1007,Jennifer Reed,2025-06,Analyst,Finance & Risk,127,160,79.5
1007,Jennifer Reed,2025-07,Analyst,Finance & Risk,114,160,71.5
1007,Jennifer Reed,2025-08,Analyst,Finance & Risk,113,160,70.5
1007,Jennifer Reed,2025-09,Analyst,Finance & Risk,111,160,69.1
1007,Jennifer Reed,2025-10,Analyst,Finance & Risk,99,160,61.7
1007,Jennifer Reed,2025-11,Analyst,Finance & Risk,100,160,62.6
1007,Jennifer Reed,2025-12,Analyst,Finance & Risk,107,160,66.6
1007,Jennifer Reed,2026-01,Analyst,Finance & Risk,118,160,73.9
1007,Jennifer Reed,2026-02,Analyst,Finance & Risk,123,160,76.6
1007,Jennifer Reed,2026-03,Analyst,Finance & Risk,116,160,72.4
1007,Jennifer Reed,2026-04,Analyst,Finance & Risk,125,160,78.2
1008,Timothy Gonzalez,2025-01,Analyst,Strategy & Growth,103,160,64.6
1008,Timothy Gonzalez,2025-02,Analyst,Strategy & Growth,105,160,65.4
1008,Timothy Gonzalez,2025-03,Analyst,Strategy & Growth,109,160,68.0
1008,Timothy Gonzalez,2025-04,Analyst,Strategy & Growth,105,160,65.9
1008,Timothy Gonzalez,2025-05,Analyst,Strategy & Growth,122,160,76.4
1008,Timothy Gonzalez,2025-06,Analyst,Strategy & Growth,125,160,77.8
1008,Timothy Gonzalez,2025-07,Analyst,Strategy & Growth,124,160,77.2
1008,Timothy Gonzalez,2025-08,Analyst,Strategy & Growth,102,160,64.0
1008,Timothy Gonzalez,2025-09,Analyst,Strategy & Growth,125,160,77.9
1008,Timothy Gonzalez,2025-10,Analyst,Strategy & Growth,108,160,67.4
1008,Timothy Gonzalez,2025-11,Analyst,Strategy & Growth,97,160,60.9
1008,Timothy Gonzalez,2025-12,Analyst,Strategy & Growth,109,160,68.3
1008,Timothy Gonzalez,2026-01,Analyst,Strategy & Growth,122,160,76.0
1008,Timothy Gonzalez,2026-02,Analyst,Strategy & Growth,118,160,74.0
1008,Timothy Gonzalez,2026-03,Analyst,Strategy & Growth,117,160,73.1
1008,Timothy Gonzalez,2026-04,Analyst,Strategy & Growth,107,160,66.8
1009,Madison Miller,2025-01,Analyst,Finance & Risk,109,160,68.3
1009,Madison Miller,2025-02,Analyst,Finance & Risk,106,160,66.1
1009,Madison Miller,2025-03,Analyst,Finance & Risk,110,160,68.6
1009,Madison Miller,2025-04,Analyst,Finance & Risk,125,160,78.1
1009,Madison Miller,2025-05,Analyst,Finance & Risk,115,160,71.8
1009,Madison Miller,2025-06,Analyst,Finance & Risk,103,160,64.5
1009,Madison Miller,2025-07,Analyst,Finance & Risk,119,160,74.1
1009,Madison Miller,2025-08,Analyst,Finance & Risk,123,160,76.8
1009,Madison Miller,2025-09,Analyst,Finance & Risk,121,160,75.4
1009,Madison Miller,2025-10,Analyst,Finance & Risk,104,160,65.0
1009,Madison Miller,2025-11,Analyst,Finance & Risk,96,160,60.2
1009,Madison Miller,2025-12,Analyst,Finance & Risk,106,160,66.5
1009,Madison Miller,2026-01,Analyst,Finance & Risk,111,160,69.6
1009,Madison Miller,2026-02,Analyst,Finance & Risk,127,160,79.5
1009,Madison Miller,2026-03,Analyst,Finance & Risk,109,160,67.8
1009,Madison Miller,2026-04,Analyst,Finance & Risk,130,160,81.2
1010,Matthew Wilson,2025-01,Analyst,Technology & Digital,119,160,74.4
1010,Matthew Wilson,2025-02,Analyst,Technology & Digital,106,160,66.5
1010,Matthew Wilson,2025-03,Analyst,Technology & Digital,126,160,78.9
1010,Matthew Wilson,2025-04,Analyst,Technology & Digital,110,160,68.7
1010,Matthew Wilson,2025-05,Analyst,Technology & Digital,120,160,75.3
1010,Matthew Wilson,2025-06,Analyst,Technology & Digital,113,160,70.6
1010,Matthew Wilson,2025-07,Analyst,Technology & Digital,115,160,71.7
1010,Matthew Wilson,2025-08,Analyst,Technology & Digital,114,160,71.6
1010,Matthew Wilson,2025-09,Analyst,Technology & Digital,114,160,71.3
1010,Matthew Wilson,2025-10,Analyst,Technology & Digital,100,160,62.3
1010,Matthew Wilson,2025-11,Analyst,Technology & Digital,101,160,63.0
1010,Matthew Wilson,2025-12,Analyst,Technology & Digital,111,160,69.6
1010,Matthew Wilson,2026-01,Analyst,Technology & Digital,125,160,77.9
1010,Matthew Wilson,2026-02,Analyst,Technology & Digital,109,160,68.2
1010,Matthew Wilson,2026-03,Analyst,Technology & Digital,107,160,67.1
1010,Matthew Wilson,2026-04,Analyst,Technology & Digital,125,160,78.4
1011,Andrew Moore,2025-01,Analyst,HR & People,124,160,77.7
1011,Andrew Moore,2025-02,Analyst,HR & People,111,160,69.4
1011,Andrew Moore,2025-03,Analyst,HR & People,123,160,76.6
1011,Andrew Moore,2025-04,Analyst,HR & People,109,160,68.3
1011,Andrew Moore,2025-05,Analyst,HR & People,102,160,64.0
1011,Andrew Moore,2025-06,Analyst,HR & People,121,160,75.6
1011,Andrew Moore,2025-07,Analyst,HR & People,124,160,77.4
1011,Andrew Moore,2025-08,Analyst,HR & People,117,160,73.3
1011,Andrew Moore,2025-09,Analyst,HR & People,119,160,74.6
1011,Andrew Moore,2025-10,Analyst,HR & People,118,160,73.8
1011,Andrew Moore,2025-11,Analyst,HR & People,107,160,67.1
1011,Andrew Moore,2025-12,Analyst,HR & People,108,160,67.7
1011,Andrew Moore,2026-01,Analyst,HR & People,114,160,71.3
1011,Andrew Moore,2026-02,Analyst,HR & People,125,160,78.2
1011,Andrew Moore,2026-03,Analyst,HR & People,115,160,72.0
1011,Andrew Moore,2026-04,Analyst,HR & People,129,160,80.9
1012,Sophia Lee,2025-01,Analyst,Finance & Risk,125,160,77.9
1012,Sophia Lee,2025-02,Analyst,Finance & Risk,128,160,79.7
1012,Sophia Lee,2025-03,Analyst,Finance & Risk,109,160,67.8
1012,Sophia Lee,2025-04,Analyst,Finance & Risk,112,160,70.1
1012,Sophia Lee,2025-05,Analyst,Finance & Risk,124,160,77.7
1012,Sophia Lee,2025-06,Analyst,Finance & Risk,113,160,70.6
1012,Sophia Lee,2025-07,Analyst,Finance & Risk,111,160,69.1
1012,Sophia Lee,2025-08,Analyst,Finance & Risk,115,160,71.6
1012,Sophia Lee,2025-09,Analyst,Finance & Risk,126,160,78.6
1012,Sophia Lee,2025-10,Analyst,Finance & Risk,106,160,66.1
1012,Sophia Lee,2025-11,Analyst,Finance & Risk,121,160,75.8
1012,Sophia Lee,2025-12,Analyst,Finance & Risk,116,160,72.7
1012,Sophia Lee,2026-01,Analyst,Finance & Risk,122,160,76.4
1012,Sophia Lee,2026-02,Analyst,Finance & Risk,109,160,68.4
1012,Sophia Lee,2026-03,Analyst,Finance & Risk,130,160,81.4
1012,Sophia Lee,2026-04,Analyst,Finance & Risk,109,160,68.0
1013,Stephanie Adams,2025-01,Analyst,Finance & Risk,127,160,79.4
1013,Stephanie Adams,2025-02,Analyst,Finance & Risk,111,160,69.3
1013,Stephanie Adams,2025-03,Analyst,Finance & Risk,105,160,65.6
1013,Stephanie Adams,2025-04,Analyst,Finance & Risk,124,160,77.5
1013,Stephanie Adams,2025-05,Analyst,Finance & Risk,105,160,65.6
1013,Stephanie Adams,2025-06,Analyst,Finance & Risk,126,160,78.6
1013,Stephanie Adams,2025-07,Analyst,Finance & Risk,103,160,64.2
1013,Stephanie Adams,2025-08,Analyst,Finance & Risk,106,160,66.3
1013,Stephanie Adams,2025-09,Analyst,Finance & Risk,125,160,77.9
1013,Stephanie Adams,2025-10,Analyst,Finance & Risk,121,160,75.5
1013,Stephanie Adams,2025-11,Analyst,Finance & Risk,98,160,61.2
1013,Stephanie Adams,2025-12,Analyst,Finance & Risk,116,160,72.5
1013,Stephanie Adams,2026-01,Analyst,Finance & Risk,112,160,70.2
1013,Stephanie Adams,2026-02,Analyst,Finance & Risk,122,160,76.0
1013,Stephanie Adams,2026-03,Analyst,Finance & Risk,116,160,72.4
1013,Stephanie Adams,2026-04,Analyst,Finance & Risk,108,160,67.3
1014,Melissa Mitchell,2025-01,Analyst,HR & People,111,160,69.3
1014,Melissa Mitchell,2025-02,Analyst,HR & People,120,160,74.8
1014,Melissa Mitchell,2025-03,Analyst,HR & People,116,160,72.5
1014,Melissa Mitchell,2025-04,Analyst,HR & People,127,160,79.3
1014,Melissa Mitchell,2025-05,Analyst,HR & People,118,160,74.0
1014,Melissa Mitchell,2025-06,Analyst,HR & People,125,160,78.2
1014,Melissa Mitchell,2025-07,Analyst,HR & People,115,160,71.8
1014,Melissa Mitchell,2025-08,Analyst,HR & People,116,160,72.7
1014,Melissa Mitchell,2025-09,Analyst,HR & People,118,160,73.9
1014,Melissa Mitchell,2025-10,Analyst,HR & People,102,160,63.8
1014,Melissa Mitchell,2025-11,Analyst,HR & People,114,160,71.0
1014,Melissa Mitchell,2025-12,Analyst,HR & People,103,160,64.6
1014,Melissa Mitchell,2026-01,Analyst,HR & People,111,160,69.6
1014,Melissa Mitchell,2026-02,Analyst,HR & People,108,160,67.4
1014,Melissa Mitchell,2026-03,Analyst,HR & People,131,160,81.7
1014,Melissa Mitchell,2026-04,Analyst,HR & People,125,160,78.2
1015,Alyssa Nguyen,2025-01,Analyst,Finance & Risk,120,160,75.3
1015,Alyssa Nguyen,2025-02,Analyst,Finance & Risk,105,160,65.6
1015,Alyssa Nguyen,2025-03,Analyst,Finance & Risk,107,160,66.7
1015,Alyssa Nguyen,2025-04,Analyst,Finance & Risk,110,160,68.8
1015,Alyssa Nguyen,2025-05,Analyst,Finance & Risk,103,160,64.5
1015,Alyssa Nguyen,2025-06,Analyst,Finance & Risk,111,160,69.2
1015,Alyssa Nguyen,2025-07,Analyst,Finance & Risk,104,160,64.9
1015,Alyssa Nguyen,2025-08,Analyst,Finance & Risk,112,160,69.7
1015,Alyssa Nguyen,2025-09,Analyst,Finance & Risk,113,160,70.9
1015,Alyssa Nguyen,2025-10,Analyst,Finance & Risk,102,160,63.9
1015,Alyssa Nguyen,2025-11,Analyst,Finance & Risk,107,160,66.6
1015,Alyssa Nguyen,2025-12,Analyst,Finance & Risk,113,160,70.9
1015,Alyssa Nguyen,2026-01,Analyst,Finance & Risk,110,160,68.9
1015,Alyssa Nguyen,2026-02,Analyst,Finance & Risk,110,160,68.8
1015,Alyssa Nguyen,2026-03,Analyst,Finance & Risk,121,160,75.8
1015,Alyssa Nguyen,2026-04,Analyst,Finance & Risk,115,160,72.1
1016,Jessica Carter,2025-01,Analyst,Strategy & Growth,120,160,74.9
1016,Jessica Carter,2025-02,Analyst,Strategy & Growth,115,160,72.0
1016,Jessica Carter,2025-03,Analyst,Strategy & Growth,117,160,73.3
1016,Jessica Carter,2025-04,Analyst,Strategy & Growth,108,160,67.7
1016,Jessica Carter,2025-05,Analyst,Strategy & Growth,119,160,74.2
1016,Jessica Carter,2025-06,Analyst,Strategy & Growth,114,160,71.4
1016,Jessica Carter,2025-07,Analyst,Strategy & Growth,119,160,74.7
1016,Jessica Carter,2025-08,Analyst,Strategy & Growth,125,160,78.4
1016,Jessica Carter,2025-09,Analyst,Strategy & Growth,114,160,71.4
1016,Jessica Carter,2025-10,Analyst,Strategy & Growth,103,160,64.6
1016,Jessica Carter,2025-11,Analyst,Strategy & Growth,110,160,68.7
1016,Jessica Carter,2025-12,Analyst,Strategy & Growth,98,160,61.2
1016,Jessica Carter,2026-01,Analyst,Strategy & Growth,130,160,81.1
1016,Jessica Carter,2026-02,Analyst,Strategy & Growth,131,160,81.8
1016,Jessica Carter,2026-03,Analyst,Strategy & Growth,113,160,70.8
1016,Jessica Carter,2026-04,Analyst,Strategy & Growth,130,160,81.4
1017,Eric Jones,2025-01,Analyst,Finance & Risk,120,160,75.0
1017,Eric Jones,2025-02,Analyst,Finance & Risk,114,160,71.3
1017,Eric Jones,2025-03,Analyst,Finance & Risk,110,160,68.8
1017,Eric Jones,2025-04,Analyst,Finance & Risk,128,160,80.0
1017,Eric Jones,2025-05,Analyst,Finance & Risk,124,160,77.7
1017,Eric Jones,2025-06,Analyst,Finance & Risk,105,160,65.7
1017,Eric Jones,2025-07,Analyst,Finance & Risk,112,160,70.1
1017,Eric Jones,2025-08,Analyst,Finance & Risk,112,160,69.7
1017,Eric Jones,2025-09,Analyst,Finance & Risk,110,160,68.7
1017,Eric Jones,2025-10,Analyst,Finance & Risk,114,160,71.2
1017,Eric Jones,2025-11,Analyst,Finance & Risk,97,160,60.4
1017,Eric Jones,2025-12,Analyst,Finance & Risk,117,160,73.3
1017,Eric Jones,2026-01,Analyst,Finance & Risk,116,160,72.3
1017,Eric Jones,2026-02,Analyst,Finance & Risk,106,160,66.1
1017,Eric Jones,2026-03,Analyst,Finance & Risk,128,160,79.8
1017,Eric Jones,2026-04,Analyst,Finance & Risk,126,160,78.5
1018,Olivia Campbell,2025-01,Analyst,Strategy & Growth,127,160,79.6
1018,Olivia Campbell,2025-02,Analyst,Strategy & Growth,126,160,78.6
1018,Olivia Campbell,2025-03,Analyst,Strategy & Growth,121,160,75.9
1018,Olivia Campbell,2025-04,Analyst,Strategy & Growth,124,160,77.3
1018,Olivia Campbell,2025-05,Analyst,Strategy & Growth,126,160,78.4
1018,Olivia Campbell,2025-06,Analyst,Strategy & Growth,122,160,76.4
1018,Olivia Campbell,2025-07,Analyst,Strategy & Growth,108,160,67.7
1018,Olivia Campbell,2025-08,Analyst,Strategy & Growth,123,160,76.8
1018,Olivia Campbell,2025-09,Analyst,Strategy & Growth,108,160,67.5
1018,Olivia Campbell,2025-10,Analyst,Strategy & Growth,101,160,63.0
1018,Olivia Campbell,2025-11,Analyst,Strategy & Growth,102,160,64.0
1018,Olivia Campbell,2025-12,Analyst,Strategy & Growth,115,160,72.1
1018,Olivia Campbell,2026-01,Analyst,Strategy & Growth,125,160,78.3
1018,Olivia Campbell,2026-02,Analyst,Strategy & Growth,123,160,76.9
1018,Olivia Campbell,2026-03,Analyst,Strategy & Growth,109,160,68.2
1018,Olivia Campbell,2026-04,Analyst,Strategy & Growth,108,160,67.6
1019,Christopher Ramirez,2025-01,Analyst,Operations Excellence,118,160,74.0
1019,Christopher Ramirez,2025-02,Analyst,Operations Excellence,103,160,64.6
1019,Christopher Ramirez,2025-03,Analyst,Operations Excellence,123,160,76.6
1019,Christopher Ramirez,2025-04,Analyst,Operations Excellence,103,160,64.5
1019,Christopher Ramirez,2025-05,Analyst,Operations Excellence,112,160,69.8
1019,Christopher Ramirez,2025-06,Analyst,Operations Excellence,106,160,66.1
1019,Christopher Ramirez,2025-07,Analyst,Operations Excellence,126,160,78.6
1019,Christopher Ramirez,2025-08,Analyst,Operations Excellence,111,160,69.2
1019,Christopher Ramirez,2025-09,Analyst,Operations Excellence,113,160,70.6
1019,Christopher Ramirez,2025-10,Analyst,Operations Excellence,101,160,63.2
1019,Christopher Ramirez,2025-11,Analyst,Operations Excellence,116,160,72.6
1019,Christopher Ramirez,2025-12,Analyst,Operations Excellence,118,160,74.0
1019,Christopher Ramirez,2026-01,Analyst,Operations Excellence,115,160,71.9
1019,Christopher Ramirez,2026-02,Analyst,Operations Excellence,118,160,74.0
1019,Christopher Ramirez,2026-03,Analyst,Operations Excellence,113,160,70.4
1019,Christopher Ramirez,2026-04,Analyst,Operations Excellence,110,160,68.6
1020,Brian Rogers,2025-01,Analyst,Strategy & Growth,126,160,78.6
1020,Brian Rogers,2025-02,Analyst,Strategy & Growth,127,160,79.1
1020,Brian Rogers,2025-03,Analyst,Strategy & Growth,127,160,79.5
1020,Brian Rogers,2025-04,Analyst,Strategy & Growth,110,160,68.7
1020,Brian Rogers,2025-05,Analyst,Strategy & Growth,125,160,77.9
1020,Brian Rogers,2025-06,Analyst,Strategy & Growth,123,160,76.9
1020,Brian Rogers,2025-07,Analyst,Strategy & Growth,114,160,71.5
1020,Brian Rogers,2025-08,Analyst,Strategy & Growth,104,160,65.2
1020,Brian Rogers,2025-09,Analyst,Strategy & Growth,122,160,76.1
1020,Brian Rogers,2025-10,Analyst,Strategy & Growth,102,160,63.6
1020,Brian Rogers,2025-11,Analyst,Strategy & Growth,113,160,70.8
1020,Brian Rogers,2025-12,Analyst,Strategy & Growth,113,160,70.8
1020,Brian Rogers,2026-01,Analyst,Strategy & Growth,116,160,72.4
1020,Brian Rogers,2026-02,Analyst,Strategy & Growth,127,160,79.5
1020,Brian Rogers,2026-03,Analyst,Strategy & Growth,120,160,74.9
1020,Brian Rogers,2026-04,Analyst,Strategy & Growth,108,160,67.4
1021,Steven Roberts,2025-01,Consultant,HR & People,122,160,76.3
1021,Steven Roberts,2025-02,Consultant,HR & People,119,160,74.2
1021,Steven Roberts,2025-03,Consultant,HR & People,115,160,72.0
1021,Steven Roberts,2025-04,Consultant,HR & People,121,160,75.9
1021,Steven Roberts,2025-05,Consultant,HR & People,131,160,82.0
1021,Steven Roberts,2025-06,Consultant,HR & People,119,160,74.2
1021,Steven Roberts,2025-07,Consultant,HR & People,122,160,76.1
1021,Steven Roberts,2025-08,Consultant,HR & People,128,160,80.2
1021,Steven Roberts,2025-09,Consultant,HR & People,122,160,75.9
1021,Steven Roberts,2025-10,Consultant,HR & People,123,160,76.8
1021,Steven Roberts,2025-11,Consultant,HR & People,118,160,73.5
1021,Steven Roberts,2025-12,Consultant,HR & People,121,160,75.9
1021,Steven Roberts,2026-01,Consultant,HR & People,139,160,87.1
1021,Steven Roberts,2026-02,Consultant,HR & People,124,160,77.2
1021,Steven Roberts,2026-03,Consultant,HR & People,131,160,81.8
1021,Steven Roberts,2026-04,Consultant,HR & People,132,160,82.4
1022,Brittany White,2025-01,Consultant,Technology & Digital,128,160,80.2
1022,Brittany White,2025-02,Consultant,Technology & Digital,124,160,77.4
1022,Brittany White,2025-03,Consultant,Technology & Digital,130,160,81.2
1022,Brittany White,2025-04,Consultant,Technology & Digital,129,160,80.4
1022,Brittany White,2025-05,Consultant,Technology & Digital,115,160,71.9
1022,Brittany White,2025-06,Consultant,Technology & Digital,113,160,70.7
1022,Brittany White,2025-07,Consultant,Technology & Digital,113,160,70.6
1022,Brittany White,2025-08,Consultant,Technology & Digital,137,160,85.9
1022,Brittany White,2025-09,Consultant,Technology & Digital,115,160,71.9
1022,Brittany White,2025-10,Consultant,Technology & Digital,112,160,69.8
1022,Brittany White,2025-11,Consultant,Technology & Digital,119,160,74.6
1022,Brittany White,2025-12,Consultant,Technology & Digital,116,160,72.2
1022,Brittany White,2026-01,Consultant,Technology & Digital,125,160,77.9
1022,Brittany White,2026-02,Consultant,Technology & Digital,140,160,87.2
1022,Brittany White,2026-03,Consultant,Technology & Digital,133,160,83.1
1022,Brittany White,2026-04,Consultant,Technology & Digital,129,160,80.6
1023,Jessica Campbell,2025-01,Consultant,Finance & Risk,127,160,79.4
1023,Jessica Campbell,2025-02,Consultant,Finance & Risk,131,160,81.6
1023,Jessica Campbell,2025-03,Consultant,Finance & Risk,135,160,84.2
1023,Jessica Campbell,2025-04,Consultant,Finance & Risk,129,160,80.5
1023,Jessica Campbell,2025-05,Consultant,Finance & Risk,133,160,83.3
1023,Jessica Campbell,2025-06,Consultant,Finance & Risk,128,160,79.9
1023,Jessica Campbell,2025-07,Consultant,Finance & Risk,136,160,85.0
1023,Jessica Campbell,2025-08,Consultant,Finance & Risk,119,160,74.5
1023,Jessica Campbell,2025-09,Consultant,Finance & Risk,130,160,81.0
1023,Jessica Campbell,2025-10,Consultant,Finance & Risk,111,160,69.5
1023,Jessica Campbell,2025-11,Consultant,Finance & Risk,117,160,73.1
1023,Jessica Campbell,2025-12,Consultant,Finance & Risk,112,160,69.8
1023,Jessica Campbell,2026-01,Consultant,Finance & Risk,124,160,77.8
1023,Jessica Campbell,2026-02,Consultant,Finance & Risk,140,160,87.7
1023,Jessica Campbell,2026-03,Consultant,Finance & Risk,125,160,77.9
1023,Jessica Campbell,2026-04,Consultant,Finance & Risk,138,160,86.4
1024,Amy Hernandez,2025-01,Consultant,Technology & Digital,129,160,80.3
1024,Amy Hernandez,2025-02,Consultant,Technology & Digital,114,160,71.0
1024,Amy Hernandez,2025-03,Consultant,Technology & Digital,119,160,74.4
1024,Amy Hernandez,2025-04,Consultant,Technology & Digital,137,160,85.5
1024,Amy Hernandez,2025-05,Consultant,Technology & Digital,136,160,85.2
1024,Amy Hernandez,2025-06,Consultant,Technology & Digital,133,160,83.2
1024,Amy Hernandez,2025-07,Consultant,Technology & Digital,114,160,71.5
1024,Amy Hernandez,2025-08,Consultant,Technology & Digital,117,160,73.4
1024,Amy Hernandez,2025-09,Consultant,Technology & Digital,128,160,80.2
1024,Amy Hernandez,2025-10,Consultant,Technology & Digital,130,160,81.5
1024,Amy Hernandez,2025-11,Consultant,Technology & Digital,107,160,66.8
1024,Amy Hernandez,2025-12,Consultant,Technology & Digital,114,160,71.3
1024,Amy Hernandez,2026-01,Consultant,Technology & Digital,141,160,87.8
1024,Amy Hernandez,2026-02,Consultant,Technology & Digital,135,160,84.6
1024,Amy Hernandez,2026-03,Consultant,Technology & Digital,120,160,75.3
1024,Amy Hernandez,2026-04,Consultant,Technology & Digital,136,160,85.3
1025,Chloe Martin,2025-01,Consultant,Finance & Risk,126,160,78.9
1025,Chloe Martin,2025-02,Consultant,Finance & Risk,127,160,79.4
1025,Chloe Martin,2025-03,Consultant,Finance & Risk,133,160,83.0
1025,Chloe Martin,2025-04,Consultant,Finance & Risk,118,160,73.7
1025,Chloe Martin,2025-05,Consultant,Finance & Risk,132,160,82.4
1025,Chloe Martin,2025-06,Consultant,Finance & Risk,132,160,82.6
1025,Chloe Martin,2025-07,Consultant,Finance & Risk,127,160,79.5
1025,Chloe Martin,2025-08,Consultant,Finance & Risk,119,160,74.4
1025,Chloe Martin,2025-09,Consultant,Finance & Risk,137,160,85.7
1025,Chloe Martin,2025-10,Consultant,Finance & Risk,131,160,81.8
1025,Chloe Martin,2025-11,Consultant,Finance & Risk,119,160,74.6
1025,Chloe Martin,2025-12,Consultant,Finance & Risk,126,160,78.8
1025,Chloe Martin,2026-01,Consultant,Finance & Risk,118,160,73.8
1025,Chloe Martin,2026-02,Consultant,Finance & Risk,137,160,85.9
1025,Chloe Martin,2026-03,Consultant,Finance & Risk,119,160,74.1
1025,Chloe Martin,2026-04,Consultant,Finance & Risk,124,160,77.7
1026,Melissa Anderson,2025-01,Consultant,Strategy & Growth,132,160,82.6
1026,Melissa Anderson,2025-02,Consultant,Strategy & Growth,127,160,79.4
1026,Melissa Anderson,2025-03,Consultant,Strategy & Growth,112,160,70.3
1026,Melissa Anderson,2025-04,Consultant,Strategy & Growth,119,160,74.2
1026,Melissa Anderson,2025-05,Consultant,Strategy & Growth,115,160,72.0
1026,Melissa Anderson,2025-06,Consultant,Strategy & Growth,123,160,76.7
1026,Melissa Anderson,2025-07,Consultant,Strategy & Growth,115,160,71.8
1026,Melissa Anderson,2025-08,Consultant,Strategy & Growth,114,160,71.0
1026,Melissa Anderson,2025-09,Consultant,Strategy & Growth,123,160,77.2
1026,Melissa Anderson,2025-10,Consultant,Strategy & Growth,115,160,71.8
1026,Melissa Anderson,2025-11,Consultant,Strategy & Growth,121,160,75.5
1026,Melissa Anderson,2025-12,Consultant,Strategy & Growth,117,160,73.2
1026,Melissa Anderson,2026-01,Consultant,Strategy & Growth,121,160,75.5
1026,Melissa Anderson,2026-02,Consultant,Strategy & Growth,131,160,81.8
1026,Melissa Anderson,2026-03,Consultant,Strategy & Growth,134,160,83.6
1026,Melissa Anderson,2026-04,Consultant,Strategy & Growth,138,160,86.5
1027,Angela Anderson,2025-01,Consultant,Strategy & Growth,129,160,80.5
1027,Angela Anderson,2025-02,Consultant,Strategy & Growth,120,160,74.8
1027,Angela Anderson,2025-03,Consultant,Strategy & Growth,128,160,80.3
1027,Angela Anderson,2025-04,Consultant,Strategy & Growth,113,160,70.5
1027,Angela Anderson,2025-05,Consultant,Strategy & Growth,138,160,86.0
1027,Angela Anderson,2025-06,Consultant,Strategy & Growth,134,160,83.6
1027,Angela Anderson,2025-07,Consultant,Strategy & Growth,123,160,76.8
1027,Angela Anderson,2025-08,Consultant,Strategy & Growth,115,160,71.7
1027,Angela Anderson,2025-09,Consultant,Strategy & Growth,130,160,81.4
1027,Angela Anderson,2025-10,Consultant,Strategy & Growth,117,160,73.1
1027,Angela Anderson,2025-11,Consultant,Strategy & Growth,129,160,80.4
1027,Angela Anderson,2025-12,Consultant,Strategy & Growth,114,160,71.2
1027,Angela Anderson,2026-01,Consultant,Strategy & Growth,119,160,74.4
1027,Angela Anderson,2026-02,Consultant,Strategy & Growth,118,160,74.0
1027,Angela Anderson,2026-03,Consultant,Strategy & Growth,131,160,82.0
1027,Angela Anderson,2026-04,Consultant,Strategy & Growth,130,160,81.4
1028,Madison Perez,2025-01,Consultant,Strategy & Growth,130,160,81.4
1028,Madison Perez,2025-02,Consultant,Strategy & Growth,122,160,76.1
1028,Madison Perez,2025-03,Consultant,Strategy & Growth,127,160,79.6
1028,Madison Perez,2025-04,Consultant,Strategy & Growth,120,160,74.7
1028,Madison Perez,2025-05,Consultant,Strategy & Growth,125,160,78.1
1028,Madison Perez,2025-06,Consultant,Strategy & Growth,123,160,76.9
1028,Madison Perez,2025-07,Consultant,Strategy & Growth,132,160,82.7
1028,Madison Perez,2025-08,Consultant,Strategy & Growth,115,160,71.8
1028,Madison Perez,2025-09,Consultant,Strategy & Growth,129,160,80.5
1028,Madison Perez,2025-10,Consultant,Strategy & Growth,128,160,80.0
1028,Madison Perez,2025-11,Consultant,Strategy & Growth,120,160,74.8
1028,Madison Perez,2025-12,Consultant,Strategy & Growth,128,160,79.8
1028,Madison Perez,2026-01,Consultant,Strategy & Growth,126,160,78.9
1028,Madison Perez,2026-02,Consultant,Strategy & Growth,138,160,86.2
1028,Madison Perez,2026-03,Consultant,Strategy & Growth,126,160,78.6
1028,Madison Perez,2026-04,Consultant,Strategy & Growth,136,160,85.2
1029,Stephanie Wright,2025-01,Consultant,Operations Excellence,122,160,76.4
1029,Stephanie Wright,2025-02,Consultant,Operations Excellence,131,160,81.7
1029,Stephanie Wright,2025-03,Consultant,Operations Excellence,120,160,75.0
1029,Stephanie Wright,2025-04,Consultant,Operations Excellence,120,160,75.0
1029,Stephanie Wright,2025-05,Consultant,Operations Excellence,119,160,74.1
1029,Stephanie Wright,2025-06,Consultant,Operations Excellence,136,160,85.3
1029,Stephanie Wright,2025-07,Consultant,Operations Excellence,130,160,81.0
1029,Stephanie Wright,2025-08,Consultant,Operations Excellence,124,160,77.6
1029,Stephanie Wright,2025-09,Consultant,Operations Excellence,114,160,71.5
1029,Stephanie Wright,2025-10,Consultant,Operations Excellence,108,160,67.4
1029,Stephanie Wright,2025-11,Consultant,Operations Excellence,117,160,72.9
1029,Stephanie Wright,2025-12,Consultant,Operations Excellence,125,160,77.9
1029,Stephanie Wright,2026-01,Consultant,Operations Excellence,125,160,78.0
1029,Stephanie Wright,2026-02,Consultant,Operations Excellence,119,160,74.1
1029,Stephanie Wright,2026-03,Consultant,Operations Excellence,117,160,73.0
1029,Stephanie Wright,2026-04,Consultant,Operations Excellence,140,160,87.3
1030,Charles Miller,2025-01,Consultant,Strategy & Growth,126,160,79.0
1030,Charles Miller,2025-02,Consultant,Strategy & Growth,129,160,80.7
1030,Charles Miller,2025-03,Consultant,Strategy & Growth,123,160,76.6
1030,Charles Miller,2025-04,Consultant,Strategy & Growth,134,160,84.0
1030,Charles Miller,2025-05,Consultant,Strategy & Growth,136,160,85.1
1030,Charles Miller,2025-06,Consultant,Strategy & Growth,123,160,76.8
1030,Charles Miller,2025-07,Consultant,Strategy & Growth,135,160,84.7
1030,Charles Miller,2025-08,Consultant,Strategy & Growth,113,160,70.8
1030,Charles Miller,2025-09,Consultant,Strategy & Growth,119,160,74.6
1030,Charles Miller,2025-10,Consultant,Strategy & Growth,114,160,71.0
1030,Charles Miller,2025-11,Consultant,Strategy & Growth,108,160,67.7
1030,Charles Miller,2025-12,Consultant,Strategy & Growth,119,160,74.1
1030,Charles Miller,2026-01,Consultant,Strategy & Growth,119,160,74.5
1030,Charles Miller,2026-02,Consultant,Strategy & Growth,128,160,79.7
1030,Charles Miller,2026-03,Consultant,Strategy & Growth,137,160,85.6
1030,Charles Miller,2026-04,Consultant,Strategy & Growth,124,160,77.6
1031,Madison Campbell,2025-01,Consultant,Strategy & Growth,126,160,78.9
1031,Madison Campbell,2025-02,Consultant,Strategy & Growth,115,160,71.8
1031,Madison Campbell,2025-03,Consultant,Strategy & Growth,119,160,74.5
1031,Madison Campbell,2025-04,Consultant,Strategy & Growth,118,160,73.6
1031,Madison Campbell,2025-05,Consultant,Strategy & Growth,123,160,76.9
1031,Madison Campbell,2025-06,Consultant,Strategy & Growth,126,160,79.0
1031,Madison Campbell,2025-07,Consultant,Strategy & Growth,132,160,82.3
1031,Madison Campbell,2025-08,Consultant,Strategy & Growth,128,160,79.9
1031,Madison Campbell,2025-09,Consultant,Strategy & Growth,129,160,80.8
1031,Madison Campbell,2025-10,Consultant,Strategy & Growth,120,160,74.9
1031,Madison Campbell,2025-11,Consultant,Strategy & Growth,121,160,75.7
1031,Madison Campbell,2025-12,Consultant,Strategy & Growth,122,160,76.5
1031,Madison Campbell,2026-01,Consultant,Strategy & Growth,133,160,83.1
1031,Madison Campbell,2026-02,Consultant,Strategy & Growth,116,160,72.5
1031,Madison Campbell,2026-03,Consultant,Strategy & Growth,122,160,76.4
1031,Madison Campbell,2026-04,Consultant,Strategy & Growth,135,160,84.2
1032,Melissa Gonzalez,2025-01,Consultant,Operations Excellence,136,160,84.7
1032,Melissa Gonzalez,2025-02,Consultant,Operations Excellence,121,160,75.6
1032,Melissa Gonzalez,2025-03,Consultant,Operations Excellence,117,160,72.9
1032,Melissa Gonzalez,2025-04,Consultant,Operations Excellence,116,160,72.3
1032,Melissa Gonzalez,2025-05,Consultant,Operations Excellence,129,160,80.5
1032,Melissa Gonzalez,2025-06,Consultant,Operations Excellence,114,160,71.1
1032,Melissa Gonzalez,2025-07,Consultant,Operations Excellence,131,160,81.9
1032,Melissa Gonzalez,2025-08,Consultant,Operations Excellence,137,160,85.5
1032,Melissa Gonzalez,2025-09,Consultant,Operations Excellence,114,160,71.5
1032,Melissa Gonzalez,2025-10,Consultant,Operations Excellence,119,160,74.5
1032,Melissa Gonzalez,2025-11,Consultant,Operations Excellence,115,160,72.0
1032,Melissa Gonzalez,2025-12,Consultant,Operations Excellence,117,160,73.3
1032,Melissa Gonzalez,2026-01,Consultant,Operations Excellence,119,160,74.5
1032,Melissa Gonzalez,2026-02,Consultant,Operations Excellence,123,160,77.0
1032,Melissa Gonzalez,2026-03,Consultant,Operations Excellence,124,160,77.2
1032,Melissa Gonzalez,2026-04,Consultant,Operations Excellence,139,160,87.1
1033,Nicole Robinson,2025-01,Consultant,Operations Excellence,127,160,79.5
1033,Nicole Robinson,2025-02,Consultant,Operations Excellence,135,160,84.1
1033,Nicole Robinson,2025-03,Consultant,Operations Excellence,116,160,72.5
1033,Nicole Robinson,2025-04,Consultant,Operations Excellence,131,160,82.1
1033,Nicole Robinson,2025-05,Consultant,Operations Excellence,113,160,70.8
1033,Nicole Robinson,2025-06,Consultant,Operations Excellence,114,160,71.3
1033,Nicole Robinson,2025-07,Consultant,Operations Excellence,123,160,77.1
1033,Nicole Robinson,2025-08,Consultant,Operations Excellence,123,160,76.8
1033,Nicole Robinson,2025-09,Consultant,Operations Excellence,128,160,79.7
1033,Nicole Robinson,2025-10,Consultant,Operations Excellence,116,160,72.6
1033,Nicole Robinson,2025-11,Consultant,Operations Excellence,111,160,69.4
1033,Nicole Robinson,2025-12,Consultant,Operations Excellence,119,160,74.2
1033,Nicole Robinson,2026-01,Consultant,Operations Excellence,124,160,77.5
1033,Nicole Robinson,2026-02,Consultant,Operations Excellence,118,160,73.8
1033,Nicole Robinson,2026-03,Consultant,Operations Excellence,133,160,82.9
1033,Nicole Robinson,2026-04,Consultant,Operations Excellence,130,160,81.5
1034,Emma Wright,2025-01,Consultant,Strategy & Growth,125,160,78.4
1034,Emma Wright,2025-02,Consultant,Strategy & Growth,120,160,74.9
1034,Emma Wright,2025-03,Consultant,Strategy & Growth,118,160,73.5
1034,Emma Wright,2025-04,Consultant,Strategy & Growth,137,160,85.8
1034,Emma Wright,2025-05,Consultant,Strategy & Growth,113,160,70.9
1034,Emma Wright,2025-06,Consultant,Strategy & Growth,117,160,73.3
1034,Emma Wright,2025-07,Consultant,Strategy & Growth,136,160,85.1
1034,Emma Wright,2025-08,Consultant,Strategy & Growth,132,160,82.3
1034,Emma Wright,2025-09,Consultant,Strategy & Growth,132,160,82.2
1034,Emma Wright,2025-10,Consultant,Strategy & Growth,113,160,70.6
1034,Emma Wright,2025-11,Consultant,Strategy & Growth,109,160,67.9
1034,Emma Wright,2025-12,Consultant,Strategy & Growth,118,160,74.0
1034,Emma Wright,2026-01,Consultant,Strategy & Growth,126,160,78.9
1034,Emma Wright,2026-02,Consultant,Strategy & Growth,119,160,74.1
1034,Emma Wright,2026-03,Consultant,Strategy & Growth,129,160,80.5
1034,Emma Wright,2026-04,Consultant,Strategy & Growth,121,160,75.7
1035,Kevin Wilson,2025-01,Consultant,Finance & Risk,126,160,78.9
1035,Kevin Wilson,2025-02,Consultant,Finance & Risk,129,160,80.7
1035,Kevin Wilson,2025-03,Consultant,Finance & Risk,121,160,75.7
1035,Kevin Wilson,2025-04,Consultant,Finance & Risk,122,160,76.4
1035,Kevin Wilson,2025-05,Consultant,Finance & Risk,131,160,81.9
1035,Kevin Wilson,2025-06,Consultant,Finance & Risk,123,160,77.0
1035,Kevin Wilson,2025-07,Consultant,Finance & Risk,124,160,77.4
1035,Kevin Wilson,2025-08,Consultant,Finance & Risk,114,160,71.2
1035,Kevin Wilson,2025-09,Consultant,Finance & Risk,120,160,75.0
1035,Kevin Wilson,2025-10,Consultant,Finance & Risk,117,160,72.9
1035,Kevin Wilson,2025-11,Consultant,Finance & Risk,116,160,72.5
1035,Kevin Wilson,2025-12,Consultant,Finance & Risk,122,160,76.2
1035,Kevin Wilson,2026-01,Consultant,Finance & Risk,123,160,76.6
1035,Kevin Wilson,2026-02,Consultant,Finance & Risk,126,160,78.5
1035,Kevin Wilson,2026-03,Consultant,Finance & Risk,140,160,87.5
1035,Kevin Wilson,2026-04,Consultant,Finance & Risk,120,160,74.7
1036,Thomas Reed,2025-01,Consultant,Finance & Risk,136,160,85.2
1036,Thomas Reed,2025-02,Consultant,Finance & Risk,124,160,77.4
1036,Thomas Reed,2025-03,Consultant,Finance & Risk,130,160,81.0
1036,Thomas Reed,2025-04,Consultant,Finance & Risk,121,160,75.8
1036,Thomas Reed,2025-05,Consultant,Finance & Risk,123,160,77.0
1036,Thomas Reed,2025-06,Consultant,Finance & Risk,115,160,71.7
1036,Thomas Reed,2025-07,Consultant,Finance & Risk,123,160,77.0
1036,Thomas Reed,2025-08,Consultant,Finance & Risk,122,160,76.4
1036,Thomas Reed,2025-09,Consultant,Finance & Risk,114,160,71.3
1036,Thomas Reed,2025-10,Consultant,Finance & Risk,128,160,79.9
1036,Thomas Reed,2025-11,Consultant,Finance & Risk,125,160,77.9
1036,Thomas Reed,2025-12,Consultant,Finance & Risk,111,160,69.5
1036,Thomas Reed,2026-01,Consultant,Finance & Risk,135,160,84.5
1036,Thomas Reed,2026-02,Consultant,Finance & Risk,117,160,73.2
1036,Thomas Reed,2026-03,Consultant,Finance & Risk,131,160,82.1
1036,Thomas Reed,2026-04,Consultant,Finance & Risk,129,160,80.5
1037,Ashley Gonzalez,2025-01,Consultant,Technology & Digital,117,160,73.1
1037,Ashley Gonzalez,2025-02,Consultant,Technology & Digital,132,160,82.4
1037,Ashley Gonzalez,2025-03,Consultant,Technology & Digital,121,160,75.6
1037,Ashley Gonzalez,2025-04,Consultant,Technology & Digital,137,160,85.3
1037,Ashley Gonzalez,2025-05,Consultant,Technology & Digital,129,160,80.3
1037,Ashley Gonzalez,2025-06,Consultant,Technology & Digital,116,160,72.4
1037,Ashley Gonzalez,2025-07,Consultant,Technology & Digital,115,160,71.6
1037,Ashley Gonzalez,2025-08,Consultant,Technology & Digital,119,160,74.1
1037,Ashley Gonzalez,2025-09,Consultant,Technology & Digital,116,160,72.8
1037,Ashley Gonzalez,2025-10,Consultant,Technology & Digital,110,160,68.4
1037,Ashley Gonzalez,2025-11,Consultant,Technology & Digital,125,160,78.1
1037,Ashley Gonzalez,2025-12,Consultant,Technology & Digital,108,160,67.2
1037,Ashley Gonzalez,2026-01,Consultant,Technology & Digital,140,160,87.2
1037,Ashley Gonzalez,2026-02,Consultant,Technology & Digital,131,160,82.0
1037,Ashley Gonzalez,2026-03,Consultant,Technology & Digital,127,160,79.4
1037,Ashley Gonzalez,2026-04,Consultant,Technology & Digital,130,160,81.0
1038,Victoria Lee,2025-01,Consultant,Strategy & Growth,127,160,79.3
1038,Victoria Lee,2025-02,Consultant,Strategy & Growth,129,160,80.9
1038,Victoria Lee,2025-03,Consultant,Strategy & Growth,135,160,84.1
1038,Victoria Lee,2025-04,Consultant,Strategy & Growth,128,160,80.3
1038,Victoria Lee,2025-05,Consultant,Strategy & Growth,137,160,85.8
1038,Victoria Lee,2025-06,Consultant,Strategy & Growth,120,160,75.2
1038,Victoria Lee,2025-07,Consultant,Strategy & Growth,137,160,85.5
1038,Victoria Lee,2025-08,Consultant,Strategy & Growth,120,160,75.1
1038,Victoria Lee,2025-09,Consultant,Strategy & Growth,123,160,77.0
1038,Victoria Lee,2025-10,Consultant,Strategy & Growth,118,160,73.5
1038,Victoria Lee,2025-11,Consultant,Strategy & Growth,122,160,76.1
1038,Victoria Lee,2025-12,Consultant,Strategy & Growth,126,160,78.7
1038,Victoria Lee,2026-01,Consultant,Strategy & Growth,130,160,81.5
1038,Victoria Lee,2026-02,Consultant,Strategy & Growth,124,160,77.6
1038,Victoria Lee,2026-03,Consultant,Strategy & Growth,117,160,73.2
1038,Victoria Lee,2026-04,Consultant,Strategy & Growth,127,160,79.4
1039,Emily Allen,2025-01,Consultant,Strategy & Growth,113,160,70.6
1039,Emily Allen,2025-02,Consultant,Strategy & Growth,121,160,75.9
1039,Emily Allen,2025-03,Consultant,Strategy & Growth,119,160,74.6
1039,Emily Allen,2025-04,Consultant,Strategy & Growth,129,160,80.3
1039,Emily Allen,2025-05,Consultant,Strategy & Growth,137,160,85.6
1039,Emily Allen,2025-06,Consultant,Strategy & Growth,114,160,71.4
1039,Emily Allen,2025-07,Consultant,Strategy & Growth,127,160,79.5
1039,Emily Allen,2025-08,Consultant,Strategy & Growth,122,160,76.2
1039,Emily Allen,2025-09,Consultant,Strategy & Growth,127,160,79.3
1039,Emily Allen,2025-10,Consultant,Strategy & Growth,130,160,81.3
1039,Emily Allen,2025-11,Consultant,Strategy & Growth,125,160,77.8
1039,Emily Allen,2025-12,Consultant,Strategy & Growth,107,160,66.7
1039,Emily Allen,2026-01,Consultant,Strategy & Growth,138,160,86.5
1039,Emily Allen,2026-02,Consultant,Strategy & Growth,130,160,81.1
1039,Emily Allen,2026-03,Consultant,Strategy & Growth,120,160,75.0
1039,Emily Allen,2026-04,Consultant,Strategy & Growth,131,160,81.7
1040,Megan Davis,2025-01,Consultant,HR & People,125,160,78.0
1040,Megan Davis,2025-02,Consultant,HR & People,137,160,85.3
1040,Megan Davis,2025-03,Consultant,HR & People,124,160,77.2
1040,Megan Davis,2025-04,Consultant,HR & People,133,160,83.0
1040,Megan Davis,2025-05,Consultant,HR & People,133,160,83.4
1040,Megan Davis,2025-06,Consultant,HR & People,137,160,85.7
1040,Megan Davis,2025-07,Consultant,HR & People,114,160,71.3
1040,Megan Davis,2025-08,Consultant,HR & People,129,160,80.3
1040,Megan Davis,2025-09,Consultant,HR & People,113,160,70.6
1040,Megan Davis,2025-10,Consultant,HR & People,124,160,77.3
1040,Megan Davis,2025-11,Consultant,HR & People,131,160,81.9
1040,Megan Davis,2025-12,Consultant,HR & People,119,160,74.4
1040,Megan Davis,2026-01,Consultant,HR & People,131,160,81.8
1040,Megan Davis,2026-02,Consultant,HR & People,125,160,77.8
1040,Megan Davis,2026-03,Consultant,HR & People,139,160,86.7
1040,Megan Davis,2026-04,Consultant,HR & People,125,160,78.2
1041,Mark Nguyen,2025-01,Consultant,HR & People,132,160,82.4
1041,Mark Nguyen,2025-02,Consultant,HR & People,129,160,80.9
1041,Mark Nguyen,2025-03,Consultant,HR & People,113,160,70.8
1041,Mark Nguyen,2025-04,Consultant,HR & People,128,160,80.1
1041,Mark Nguyen,2025-05,Consultant,HR & People,121,160,75.4
1041,Mark Nguyen,2025-06,Consultant,HR & People,120,160,75.3
1041,Mark Nguyen,2025-07,Consultant,HR & People,126,160,78.9
1041,Mark Nguyen,2025-08,Consultant,HR & People,122,160,76.2
1041,Mark Nguyen,2025-09,Consultant,HR & People,118,160,74.0
1041,Mark Nguyen,2025-10,Consultant,HR & People,127,160,79.6
1041,Mark Nguyen,2025-11,Consultant,HR & People,130,160,81.4
1041,Mark Nguyen,2025-12,Consultant,HR & People,121,160,75.6
1041,Mark Nguyen,2026-01,Consultant,HR & People,119,160,74.4
1041,Mark Nguyen,2026-02,Consultant,HR & People,117,160,73.3
1041,Mark Nguyen,2026-03,Consultant,HR & People,132,160,82.6
1041,Mark Nguyen,2026-04,Consultant,HR & People,139,160,86.7
1042,Melissa Taylor,2025-01,Consultant,Finance & Risk,120,160,75.0
1042,Melissa Taylor,2025-02,Consultant,Finance & Risk,129,160,80.5
1042,Melissa Taylor,2025-03,Consultant,Finance & Risk,129,160,80.6
1042,Melissa Taylor,2025-04,Consultant,Finance & Risk,115,160,72.1
1042,Melissa Taylor,2025-05,Consultant,Finance & Risk,130,160,81.3
1042,Melissa Taylor,2025-06,Consultant,Finance & Risk,114,160,71.4
1042,Melissa Taylor,2025-07,Consultant,Finance & Risk,126,160,78.9
1042,Melissa Taylor,2025-08,Consultant,Finance & Risk,128,160,80.3
1042,Melissa Taylor,2025-09,Consultant,Finance & Risk,120,160,75.3
1042,Melissa Taylor,2025-10,Consultant,Finance & Risk,109,160,68.0
1042,Melissa Taylor,2025-11,Consultant,Finance & Risk,124,160,77.2
1042,Melissa Taylor,2025-12,Consultant,Finance & Risk,130,160,81.2
1042,Melissa Taylor,2026-01,Consultant,Finance & Risk,141,160,88.0
1042,Melissa Taylor,2026-02,Consultant,Finance & Risk,139,160,86.6
1042,Melissa Taylor,2026-03,Consultant,Finance & Risk,118,160,73.5
1042,Melissa Taylor,2026-04,Consultant,Finance & Risk,132,160,82.7
1043,James Robinson,2025-01,Consultant,HR & People,125,160,78.1
1043,James Robinson,2025-02,Consultant,HR & People,112,160,70.3
1043,James Robinson,2025-03,Consultant,HR & People,120,160,74.9
1043,James Robinson,2025-04,Consultant,HR & People,136,160,85.2
1043,James Robinson,2025-05,Consultant,HR & People,121,160,75.5
1043,James Robinson,2025-06,Consultant,HR & People,132,160,82.3
1043,James Robinson,2025-07,Consultant,HR & People,117,160,73.1
1043,James Robinson,2025-08,Consultant,HR & People,138,160,86.0
1043,James Robinson,2025-09,Consultant,HR & People,116,160,72.5
1043,James Robinson,2025-10,Consultant,HR & People,113,160,70.7
1043,James Robinson,2025-11,Consultant,HR & People,126,160,78.6
1043,James Robinson,2025-12,Consultant,HR & People,119,160,74.1
1043,James Robinson,2026-01,Consultant,HR & People,129,160,80.6
1043,James Robinson,2026-02,Consultant,HR & People,134,160,83.8
1043,James Robinson,2026-03,Consultant,HR & People,129,160,80.4
1043,James Robinson,2026-04,Consultant,HR & People,132,160,82.6
1044,Brian Taylor,2025-01,Consultant,Operations Excellence,134,160,84.0
1044,Brian Taylor,2025-02,Consultant,Operations Excellence,128,160,79.9
1044,Brian Taylor,2025-03,Consultant,Operations Excellence,127,160,79.6
1044,Brian Taylor,2025-04,Consultant,Operations Excellence,116,160,72.5
1044,Brian Taylor,2025-05,Consultant,Operations Excellence,117,160,72.9
1044,Brian Taylor,2025-06,Consultant,Operations Excellence,130,160,81.1
1044,Brian Taylor,2025-07,Consultant,Operations Excellence,128,160,80.0
1044,Brian Taylor,2025-08,Consultant,Operations Excellence,135,160,84.4
1044,Brian Taylor,2025-09,Consultant,Operations Excellence,130,160,81.5
1044,Brian Taylor,2025-10,Consultant,Operations Excellence,107,160,66.7
1044,Brian Taylor,2025-11,Consultant,Operations Excellence,115,160,71.8
1044,Brian Taylor,2025-12,Consultant,Operations Excellence,124,160,77.5
1044,Brian Taylor,2026-01,Consultant,Operations Excellence,140,160,87.5
1044,Brian Taylor,2026-02,Consultant,Operations Excellence,131,160,81.8
1044,Brian Taylor,2026-03,Consultant,Operations Excellence,134,160,84.0
1044,Brian Taylor,2026-04,Consultant,Operations Excellence,135,160,84.5
1045,Richard Lewis,2025-01,Consultant,HR & People,118,160,73.7
1045,Richard Lewis,2025-02,Consultant,HR & People,118,160,73.8
1045,Richard Lewis,2025-03,Consultant,HR & People,137,160,85.4
1045,Richard Lewis,2025-04,Consultant,HR & People,132,160,82.5
1045,Richard Lewis,2025-05,Consultant,HR & People,135,160,84.5
1045,Richard Lewis,2025-06,Consultant,HR & People,117,160,73.1
1045,Richard Lewis,2025-07,Consultant,HR & People,129,160,80.9
1045,Richard Lewis,2025-08,Consultant,HR & People,127,160,79.1
1045,Richard Lewis,2025-09,Consultant,HR & People,123,160,77.0
1045,Richard Lewis,2025-10,Consultant,HR & People,125,160,78.3
1045,Richard Lewis,2025-11,Consultant,HR & People,126,160,78.4
1045,Richard Lewis,2025-12,Consultant,HR & People,118,160,74.0
1045,Richard Lewis,2026-01,Consultant,HR & People,126,160,78.7
1045,Richard Lewis,2026-02,Consultant,HR & People,119,160,74.6
1045,Richard Lewis,2026-03,Consultant,HR & People,120,160,75.2
1045,Richard Lewis,2026-04,Consultant,HR & People,131,160,81.7
1046,Brittany Nelson,2025-01,Senior Consultant,Strategy & Growth,138,160,86.0
1046,Brittany Nelson,2025-02,Senior Consultant,Strategy & Growth,117,160,72.8
1046,Brittany Nelson,2025-03,Senior Consultant,Strategy & Growth,128,160,79.7
1046,Brittany Nelson,2025-04,Senior Consultant,Strategy & Growth,125,160,77.9
1046,Brittany Nelson,2025-05,Senior Consultant,Strategy & Growth,139,160,86.9
1046,Brittany Nelson,2025-06,Senior Consultant,Strategy & Growth,133,160,83.4
1046,Brittany Nelson,2025-07,Senior Consultant,Strategy & Growth,128,160,80.3
1046,Brittany Nelson,2025-08,Senior Consultant,Strategy & Growth,118,160,74.0
1046,Brittany Nelson,2025-09,Senior Consultant,Strategy & Growth,117,160,73.3
1046,Brittany Nelson,2025-10,Senior Consultant,Strategy & Growth,113,160,70.6
1046,Brittany Nelson,2025-11,Senior Consultant,Strategy & Growth,120,160,75.2
1046,Brittany Nelson,2025-12,Senior Consultant,Strategy & Growth,122,160,76.2
1046,Brittany Nelson,2026-01,Senior Consultant,Strategy & Growth,140,160,87.3
1046,Brittany Nelson,2026-02,Senior Consultant,Strategy & Growth,121,160,75.5
1046,Brittany Nelson,2026-03,Senior Consultant,Strategy & Growth,142,160,88.6
1046,Brittany Nelson,2026-04,Senior Consultant,Strategy & Growth,139,160,87.1
1047,Ashley Moore,2025-01,Senior Consultant,Technology & Digital,138,160,86.2
1047,Ashley Moore,2025-02,Senior Consultant,Technology & Digital,139,160,86.9
1047,Ashley Moore,2025-03,Senior Consultant,Technology & Digital,126,160,78.6
1047,Ashley Moore,2025-04,Senior Consultant,Technology & Digital,125,160,78.3
1047,Ashley Moore,2025-05,Senior Consultant,Technology & Digital,125,160,78.0
1047,Ashley Moore,2025-06,Senior Consultant,Technology & Digital,125,160,78.2
1047,Ashley Moore,2025-07,Senior Consultant,Technology & Digital,117,160,73.3
1047,Ashley Moore,2025-08,Senior Consultant,Technology & Digital,121,160,75.6
1047,Ashley Moore,2025-09,Senior Consultant,Technology & Digital,123,160,77.1
1047,Ashley Moore,2025-10,Senior Consultant,Technology & Digital,111,160,69.6
1047,Ashley Moore,2025-11,Senior Consultant,Technology & Digital,127,160,79.4
1047,Ashley Moore,2025-12,Senior Consultant,Technology & Digital,117,160,73.4
1047,Ashley Moore,2026-01,Senior Consultant,Technology & Digital,122,160,76.3
1047,Ashley Moore,2026-02,Senior Consultant,Technology & Digital,119,160,74.6
1047,Ashley Moore,2026-03,Senior Consultant,Technology & Digital,142,160,88.7
1047,Ashley Moore,2026-04,Senior Consultant,Technology & Digital,130,160,81.6
1048,Olivia Green,2025-01,Senior Consultant,Technology & Digital,136,160,85.3
1048,Olivia Green,2025-02,Senior Consultant,Technology & Digital,135,160,84.1
1048,Olivia Green,2025-03,Senior Consultant,Technology & Digital,127,160,79.5
1048,Olivia Green,2025-04,Senior Consultant,Technology & Digital,131,160,81.8
1048,Olivia Green,2025-05,Senior Consultant,Technology & Digital,138,160,86.5
1048,Olivia Green,2025-06,Senior Consultant,Technology & Digital,116,160,72.3
1048,Olivia Green,2025-07,Senior Consultant,Technology & Digital,121,160,75.5
1048,Olivia Green,2025-08,Senior Consultant,Technology & Digital,119,160,74.4
1048,Olivia Green,2025-09,Senior Consultant,Technology & Digital,139,160,87.0
1048,Olivia Green,2025-10,Senior Consultant,Technology & Digital,124,160,77.7
1048,Olivia Green,2025-11,Senior Consultant,Technology & Digital,120,160,74.8
1048,Olivia Green,2025-12,Senior Consultant,Technology & Digital,129,160,80.4
1048,Olivia Green,2026-01,Senior Consultant,Technology & Digital,124,160,77.8
1048,Olivia Green,2026-02,Senior Consultant,Technology & Digital,122,160,75.9
1048,Olivia Green,2026-03,Senior Consultant,Technology & Digital,125,160,77.8
1048,Olivia Green,2026-04,Senior Consultant,Technology & Digital,135,160,84.2
1049,Jeffrey Ramirez,2025-01,Senior Consultant,Technology & Digital,131,160,82.0
1049,Jeffrey Ramirez,2025-02,Senior Consultant,Technology & Digital,117,160,73.0
1049,Jeffrey Ramirez,2025-03,Senior Consultant,Technology & Digital,137,160,85.4
1049,Jeffrey Ramirez,2025-04,Senior Consultant,Technology & Digital,128,160,80.0
1049,Jeffrey Ramirez,2025-05,Senior Consultant,Technology & Digital,129,160,80.6
1049,Jeffrey Ramirez,2025-06,Senior Consultant,Technology & Digital,131,160,82.1
1049,Jeffrey Ramirez,2025-07,Senior Consultant,Technology & Digital,130,160,81.2
1049,Jeffrey Ramirez,2025-08,Senior Consultant,Technology & Digital,134,160,83.5
1049,Jeffrey Ramirez,2025-09,Senior Consultant,Technology & Digital,123,160,76.7
1049,Jeffrey Ramirez,2025-10,Senior Consultant,Technology & Digital,109,160,68.0
1049,Jeffrey Ramirez,2025-11,Senior Consultant,Technology & Digital,118,160,73.6
1049,Jeffrey Ramirez,2025-12,Senior Consultant,Technology & Digital,123,160,77.1
1049,Jeffrey Ramirez,2026-01,Senior Consultant,Technology & Digital,123,160,77.0
1049,Jeffrey Ramirez,2026-02,Senior Consultant,Technology & Digital,136,160,84.7
1049,Jeffrey Ramirez,2026-03,Senior Consultant,Technology & Digital,132,160,82.4
1049,Jeffrey Ramirez,2026-04,Senior Consultant,Technology & Digital,128,160,79.8
1050,Thomas Hernandez,2025-01,Senior Consultant,Finance & Risk,140,160,87.3
1050,Thomas Hernandez,2025-02,Senior Consultant,Finance & Risk,129,160,80.7
1050,Thomas Hernandez,2025-03,Senior Consultant,Finance & Risk,135,160,84.6
1050,Thomas Hernandez,2025-04,Senior Consultant,Finance & Risk,128,160,80.1
1050,Thomas Hernandez,2025-05,Senior Consultant,Finance & Risk,116,160,72.3
1050,Thomas Hernandez,2025-06,Senior Consultant,Finance & Risk,138,160,86.0
1050,Thomas Hernandez,2025-07,Senior Consultant,Finance & Risk,116,160,72.7
1050,Thomas Hernandez,2025-08,Senior Consultant,Finance & Risk,125,160,78.2
1050,Thomas Hernandez,2025-09,Senior Consultant,Finance & Risk,125,160,78.0
1050,Thomas Hernandez,2025-10,Senior Consultant,Finance & Risk,128,160,80.0
1050,Thomas Hernandez,2025-11,Senior Consultant,Finance & Risk,118,160,73.7
1050,Thomas Hernandez,2025-12,Senior Consultant,Finance & Risk,111,160,69.1
1050,Thomas Hernandez,2026-01,Senior Consultant,Finance & Risk,125,160,77.9
1050,Thomas Hernandez,2026-02,Senior Consultant,Finance & Risk,135,160,84.5
1050,Thomas Hernandez,2026-03,Senior Consultant,Finance & Risk,121,160,75.7
1050,Thomas Hernandez,2026-04,Senior Consultant,Finance & Risk,133,160,83.3
1051,Kyle Hall,2025-01,Senior Consultant,Operations Excellence,135,160,84.1
1051,Kyle Hall,2025-02,Senior Consultant,Operations Excellence,119,160,74.1
1051,Kyle Hall,2025-03,Senior Consultant,Operations Excellence,124,160,77.6
1051,Kyle Hall,2025-04,Senior Consultant,Operations Excellence,124,160,77.4
1051,Kyle Hall,2025-05,Senior Consultant,Operations Excellence,132,160,82.3
1051,Kyle Hall,2025-06,Senior Consultant,Operations Excellence,136,160,85.3
1051,Kyle Hall,2025-07,Senior Consultant,Operations Excellence,133,160,83.0
1051,Kyle Hall,2025-08,Senior Consultant,Operations Excellence,140,160,87.7
1051,Kyle Hall,2025-09,Senior Consultant,Operations Excellence,127,160,79.7
1051,Kyle Hall,2025-10,Senior Consultant,Operations Excellence,113,160,70.9
1051,Kyle Hall,2025-11,Senior Consultant,Operations Excellence,112,160,70.2
1051,Kyle Hall,2025-12,Senior Consultant,Operations Excellence,127,160,79.5
1051,Kyle Hall,2026-01,Senior Consultant,Operations Excellence,143,160,89.1
1051,Kyle Hall,2026-02,Senior Consultant,Operations Excellence,119,160,74.6
1051,Kyle Hall,2026-03,Senior Consultant,Operations Excellence,124,160,77.2
1051,Kyle Hall,2026-04,Senior Consultant,Operations Excellence,139,160,86.7
1052,Ashley Ramirez,2025-01,Senior Consultant,Operations Excellence,138,160,86.2
1052,Ashley Ramirez,2025-02,Senior Consultant,Operations Excellence,123,160,77.0
1052,Ashley Ramirez,2025-03,Senior Consultant,Operations Excellence,123,160,77.0
1052,Ashley Ramirez,2025-04,Senior Consultant,Operations Excellence,125,160,78.4
1052,Ashley Ramirez,2025-05,Senior Consultant,Operations Excellence,136,160,85.0
1052,Ashley Ramirez,2025-06,Senior Consultant,Operations Excellence,127,160,79.6
1052,Ashley Ramirez,2025-07,Senior Consultant,Operations Excellence,116,160,72.6
1052,Ashley Ramirez,2025-08,Senior Consultant,Operations Excellence,132,160,82.4
1052,Ashley Ramirez,2025-09,Senior Consultant,Operations Excellence,123,160,76.6
1052,Ashley Ramirez,2025-10,Senior Consultant,Operations Excellence,131,160,81.8
1052,Ashley Ramirez,2025-11,Senior Consultant,Operations Excellence,110,160,68.8
1052,Ashley Ramirez,2025-12,Senior Consultant,Operations Excellence,126,160,78.5
1052,Ashley Ramirez,2026-01,Senior Consultant,Operations Excellence,125,160,78.4
1052,Ashley Ramirez,2026-02,Senior Consultant,Operations Excellence,139,160,86.8
1052,Ashley Ramirez,2026-03,Senior Consultant,Operations Excellence,130,160,81.0
1052,Ashley Ramirez,2026-04,Senior Consultant,Operations Excellence,129,160,80.4
1053,Stephanie Baker,2025-01,Senior Consultant,Operations Excellence,126,160,79.0
1053,Stephanie Baker,2025-02,Senior Consultant,Operations Excellence,140,160,87.3
1053,Stephanie Baker,2025-03,Senior Consultant,Operations Excellence,124,160,77.4
1053,Stephanie Baker,2025-04,Senior Consultant,Operations Excellence,120,160,75.0
1053,Stephanie Baker,2025-05,Senior Consultant,Operations Excellence,133,160,83.1
1053,Stephanie Baker,2025-06,Senior Consultant,Operations Excellence,125,160,77.9
1053,Stephanie Baker,2025-07,Senior Consultant,Operations Excellence,136,160,84.8
1053,Stephanie Baker,2025-08,Senior Consultant,Operations Excellence,122,160,76.3
1053,Stephanie Baker,2025-09,Senior Consultant,Operations Excellence,117,160,73.3
1053,Stephanie Baker,2025-10,Senior Consultant,Operations Excellence,120,160,74.8
1053,Stephanie Baker,2025-11,Senior Consultant,Operations Excellence,120,160,74.9
1053,Stephanie Baker,2025-12,Senior Consultant,Operations Excellence,134,160,83.9
1053,Stephanie Baker,2026-01,Senior Consultant,Operations Excellence,123,160,76.9
1053,Stephanie Baker,2026-02,Senior Consultant,Operations Excellence,126,160,78.7
1053,Stephanie Baker,2026-03,Senior Consultant,Operations Excellence,121,160,75.6
1053,Stephanie Baker,2026-04,Senior Consultant,Operations Excellence,127,160,79.2
1054,Brenda Mitchell,2025-01,Senior Consultant,Operations Excellence,123,160,76.7
1054,Brenda Mitchell,2025-02,Senior Consultant,Operations Excellence,127,160,79.1
1054,Brenda Mitchell,2025-03,Senior Consultant,Operations Excellence,134,160,83.5
1054,Brenda Mitchell,2025-04,Senior Consultant,Operations Excellence,119,160,74.7
1054,Brenda Mitchell,2025-05,Senior Consultant,Operations Excellence,127,160,79.1
1054,Brenda Mitchell,2025-06,Senior Consultant,Operations Excellence,127,160,79.2
1054,Brenda Mitchell,2025-07,Senior Consultant,Operations Excellence,134,160,83.6
1054,Brenda Mitchell,2025-08,Senior Consultant,Operations Excellence,139,160,86.6
1054,Brenda Mitchell,2025-09,Senior Consultant,Operations Excellence,131,160,81.8
1054,Brenda Mitchell,2025-10,Senior Consultant,Operations Excellence,120,160,75.0
1054,Brenda Mitchell,2025-11,Senior Consultant,Operations Excellence,125,160,78.2
1054,Brenda Mitchell,2025-12,Senior Consultant,Operations Excellence,129,160,80.7
1054,Brenda Mitchell,2026-01,Senior Consultant,Operations Excellence,120,160,74.9
1054,Brenda Mitchell,2026-02,Senior Consultant,Operations Excellence,136,160,84.7
1054,Brenda Mitchell,2026-03,Senior Consultant,Operations Excellence,129,160,80.5
1054,Brenda Mitchell,2026-04,Senior Consultant,Operations Excellence,132,160,82.2
1055,Amanda Mitchell,2025-01,Senior Consultant,Technology & Digital,134,160,84.0
1055,Amanda Mitchell,2025-02,Senior Consultant,Technology & Digital,119,160,74.6
1055,Amanda Mitchell,2025-03,Senior Consultant,Technology & Digital,116,160,72.5
1055,Amanda Mitchell,2025-04,Senior Consultant,Technology & Digital,137,160,85.6
1055,Amanda Mitchell,2025-05,Senior Consultant,Technology & Digital,133,160,82.8
1055,Amanda Mitchell,2025-06,Senior Consultant,Technology & Digital,126,160,79.0
1055,Amanda Mitchell,2025-07,Senior Consultant,Technology & Digital,118,160,74.0
1055,Amanda Mitchell,2025-08,Senior Consultant,Technology & Digital,121,160,75.8
1055,Amanda Mitchell,2025-09,Senior Consultant,Technology & Digital,132,160,82.3
1055,Amanda Mitchell,2025-10,Senior Consultant,Technology & Digital,118,160,73.8
1055,Amanda Mitchell,2025-11,Senior Consultant,Technology & Digital,133,160,83.2
1055,Amanda Mitchell,2025-12,Senior Consultant,Technology & Digital,110,160,68.5
1055,Amanda Mitchell,2026-01,Senior Consultant,Technology & Digital,122,160,76.5
1055,Amanda Mitchell,2026-02,Senior Consultant,Technology & Digital,130,160,81.2
1055,Amanda Mitchell,2026-03,Senior Consultant,Technology & Digital,128,160,79.9
1055,Amanda Mitchell,2026-04,Senior Consultant,Technology & Digital,130,160,81.1
1056,Andrew Edwards,2025-01,Senior Consultant,Strategy & Growth,117,160,73.2
1056,Andrew Edwards,2025-02,Senior Consultant,Strategy & Growth,119,160,74.2
1056,Andrew Edwards,2025-03,Senior Consultant,Strategy & Growth,125,160,77.9
1056,Andrew Edwards,2025-04,Senior Consultant,Strategy & Growth,123,160,77.0
1056,Andrew Edwards,2025-05,Senior Consultant,Strategy & Growth,122,160,76.5
1056,Andrew Edwards,2025-06,Senior Consultant,Strategy & Growth,140,160,87.4
1056,Andrew Edwards,2025-07,Senior Consultant,Strategy & Growth,116,160,72.4
1056,Andrew Edwards,2025-08,Senior Consultant,Strategy & Growth,120,160,75.0
1056,Andrew Edwards,2025-09,Senior Consultant,Strategy & Growth,128,160,80.3
1056,Andrew Edwards,2025-10,Senior Consultant,Strategy & Growth,132,160,82.6
1056,Andrew Edwards,2025-11,Senior Consultant,Strategy & Growth,112,160,69.9
1056,Andrew Edwards,2025-12,Senior Consultant,Strategy & Growth,129,160,80.4
1056,Andrew Edwards,2026-01,Senior Consultant,Strategy & Growth,136,160,85.3
1056,Andrew Edwards,2026-02,Senior Consultant,Strategy & Growth,124,160,77.4
1056,Andrew Edwards,2026-03,Senior Consultant,Strategy & Growth,134,160,83.8
1056,Andrew Edwards,2026-04,Senior Consultant,Strategy & Growth,136,160,85.1
1057,Elizabeth Turner,2025-01,Senior Consultant,Operations Excellence,141,160,88.0
1057,Elizabeth Turner,2025-02,Senior Consultant,Operations Excellence,120,160,75.2
1057,Elizabeth Turner,2025-03,Senior Consultant,Operations Excellence,119,160,74.2
1057,Elizabeth Turner,2025-04,Senior Consultant,Operations Excellence,117,160,73.2
1057,Elizabeth Turner,2025-05,Senior Consultant,Operations Excellence,120,160,74.8
1057,Elizabeth Turner,2025-06,Senior Consultant,Operations Excellence,133,160,83.4
1057,Elizabeth Turner,2025-07,Senior Consultant,Operations Excellence,141,160,88.0
1057,Elizabeth Turner,2025-08,Senior Consultant,Operations Excellence,136,160,85.0
1057,Elizabeth Turner,2025-09,Senior Consultant,Operations Excellence,140,160,87.5
1057,Elizabeth Turner,2025-10,Senior Consultant,Operations Excellence,134,160,83.8
1057,Elizabeth Turner,2025-11,Senior Consultant,Operations Excellence,126,160,78.7
1057,Elizabeth Turner,2025-12,Senior Consultant,Operations Excellence,127,160,79.4
1057,Elizabeth Turner,2026-01,Senior Consultant,Operations Excellence,132,160,82.8
1057,Elizabeth Turner,2026-02,Senior Consultant,Operations Excellence,126,160,78.6
1057,Elizabeth Turner,2026-03,Senior Consultant,Operations Excellence,126,160,78.8
1057,Elizabeth Turner,2026-04,Senior Consultant,Operations Excellence,122,160,76.5
1058,Nicole Edwards,2025-01,Senior Consultant,Strategy & Growth,133,160,83.4
1058,Nicole Edwards,2025-02,Senior Consultant,Strategy & Growth,133,160,83.2
1058,Nicole Edwards,2025-03,Senior Consultant,Strategy & Growth,120,160,74.8
1058,Nicole Edwards,2025-04,Senior Consultant,Strategy & Growth,124,160,77.8
1058,Nicole Edwards,2025-05,Senior Consultant,Strategy & Growth,121,160,75.6
1058,Nicole Edwards,2025-06,Senior Consultant,Strategy & Growth,140,160,87.8
1058,Nicole Edwards,2025-07,Senior Consultant,Strategy & Growth,135,160,84.7
1058,Nicole Edwards,2025-08,Senior Consultant,Strategy & Growth,121,160,75.8
1058,Nicole Edwards,2025-09,Senior Consultant,Strategy & Growth,128,160,79.9
1058,Nicole Edwards,2025-10,Senior Consultant,Strategy & Growth,118,160,73.8
1058,Nicole Edwards,2025-11,Senior Consultant,Strategy & Growth,123,160,77.2
1058,Nicole Edwards,2025-12,Senior Consultant,Strategy & Growth,121,160,75.5
1058,Nicole Edwards,2026-01,Senior Consultant,Strategy & Growth,144,160,89.7
1058,Nicole Edwards,2026-02,Senior Consultant,Strategy & Growth,122,160,76.1
1058,Nicole Edwards,2026-03,Senior Consultant,Strategy & Growth,141,160,88.1
1058,Nicole Edwards,2026-04,Senior Consultant,Strategy & Growth,120,160,75.1
1059,Olivia Parker,2025-01,Senior Consultant,HR & People,125,160,78.4
1059,Olivia Parker,2025-02,Senior Consultant,HR & People,134,160,83.5
1059,Olivia Parker,2025-03,Senior Consultant,HR & People,127,160,79.7
1059,Olivia Parker,2025-04,Senior Consultant,HR & People,126,160,78.6
1059,Olivia Parker,2025-05,Senior Consultant,HR & People,126,160,78.6
1059,Olivia Parker,2025-06,Senior Consultant,HR & People,130,160,81.2
1059,Olivia Parker,2025-07,Senior Consultant,HR & People,118,160,74.0
1059,Olivia Parker,2025-08,Senior Consultant,HR & People,123,160,77.1
1059,Olivia Parker,2025-09,Senior Consultant,HR & People,117,160,73.2
1059,Olivia Parker,2025-10,Senior Consultant,HR & People,121,160,75.5
1059,Olivia Parker,2025-11,Senior Consultant,HR & People,122,160,76.3
1059,Olivia Parker,2025-12,Senior Consultant,HR & People,112,160,70.1
1059,Olivia Parker,2026-01,Senior Consultant,HR & People,140,160,87.3
1059,Olivia Parker,2026-02,Senior Consultant,HR & People,133,160,82.8
1059,Olivia Parker,2026-03,Senior Consultant,HR & People,133,160,83.4
1059,Olivia Parker,2026-04,Senior Consultant,HR & People,138,160,86.3
1060,Angela Taylor,2025-01,Senior Consultant,Strategy & Growth,119,160,74.1
1060,Angela Taylor,2025-02,Senior Consultant,Strategy & Growth,128,160,80.0
1060,Angela Taylor,2025-03,Senior Consultant,Strategy & Growth,137,160,85.9
1060,Angela Taylor,2025-04,Senior Consultant,Strategy & Growth,136,160,85.3
1060,Angela Taylor,2025-05,Senior Consultant,Strategy & Growth,128,160,80.3
1060,Angela Taylor,2025-06,Senior Consultant,Strategy & Growth,123,160,76.9
1060,Angela Taylor,2025-07,Senior Consultant,Strategy & Growth,119,160,74.6
1060,Angela Taylor,2025-08,Senior Consultant,Strategy & Growth,139,160,87.0
1060,Angela Taylor,2025-09,Senior Consultant,Strategy & Growth,121,160,75.6
1060,Angela Taylor,2025-10,Senior Consultant,Strategy & Growth,133,160,83.2
1060,Angela Taylor,2025-11,Senior Consultant,Strategy & Growth,122,160,76.3
1060,Angela Taylor,2025-12,Senior Consultant,Strategy & Growth,116,160,72.5
1060,Angela Taylor,2026-01,Senior Consultant,Strategy & Growth,120,160,75.3
1060,Angela Taylor,2026-02,Senior Consultant,Strategy & Growth,123,160,77.1
1060,Angela Taylor,2026-03,Senior Consultant,Strategy & Growth,143,160,89.3
1060,Angela Taylor,2026-04,Senior Consultant,Strategy & Growth,125,160,78.4
1061,Eric Allen,2025-01,Senior Consultant,Strategy & Growth,131,160,82.0
1061,Eric Allen,2025-02,Senior Consultant,Strategy & Growth,131,160,81.8
1061,Eric Allen,2025-03,Senior Consultant,Strategy & Growth,118,160,73.5
1061,Eric Allen,2025-04,Senior Consultant,Strategy & Growth,132,160,82.3
1061,Eric Allen,2025-05,Senior Consultant,Strategy & Growth,130,160,81.5
1061,Eric Allen,2025-06,Senior Consultant,Strategy & Growth,130,160,81.3
1061,Eric Allen,2025-07,Senior Consultant,Strategy & Growth,120,160,74.7
1061,Eric Allen,2025-08,Senior Consultant,Strategy & Growth,131,160,82.0
1061,Eric Allen,2025-09,Senior Consultant,Strategy & Growth,138,160,86.4
1061,Eric Allen,2025-10,Senior Consultant,Strategy & Growth,117,160,73.4
1061,Eric Allen,2025-11,Senior Consultant,Strategy & Growth,132,160,82.8
1061,Eric Allen,2025-12,Senior Consultant,Strategy & Growth,110,160,68.7
1061,Eric Allen,2026-01,Senior Consultant,Strategy & Growth,141,160,87.8
1061,Eric Allen,2026-02,Senior Consultant,Strategy & Growth,120,160,75.3
1061,Eric Allen,2026-03,Senior Consultant,Strategy & Growth,143,160,89.2
1061,Eric Allen,2026-04,Senior Consultant,Strategy & Growth,138,160,86.3
1062,James King,2025-01,Senior Consultant,HR & People,122,160,76.2
1062,James King,2025-02,Senior Consultant,HR & People,121,160,75.4
1062,James King,2025-03,Senior Consultant,HR & People,130,160,81.2
1062,James King,2025-04,Senior Consultant,HR & People,131,160,81.9
1062,James King,2025-05,Senior Consultant,HR & People,116,160,72.5
1062,James King,2025-06,Senior Consultant,HR & People,138,160,86.2
1062,James King,2025-07,Senior Consultant,HR & People,129,160,80.7
1062,James King,2025-08,Senior Consultant,HR & People,132,160,82.3
1062,James King,2025-09,Senior Consultant,HR & People,123,160,76.8
1062,James King,2025-10,Senior Consultant,HR & People,115,160,71.9
1062,James King,2025-11,Senior Consultant,HR & People,129,160,80.9
1062,James King,2025-12,Senior Consultant,HR & People,119,160,74.5
1062,James King,2026-01,Senior Consultant,HR & People,130,160,81.3
1062,James King,2026-02,Senior Consultant,HR & People,136,160,85.0
1062,James King,2026-03,Senior Consultant,HR & People,122,160,76.5
1062,James King,2026-04,Senior Consultant,HR & People,129,160,80.6
1063,Brenda Lee,2025-01,Senior Consultant,Strategy & Growth,127,160,79.4
1063,Brenda Lee,2025-02,Senior Consultant,Strategy & Growth,124,160,77.4
1063,Brenda Lee,2025-03,Senior Consultant,Strategy & Growth,119,160,74.3
1063,Brenda Lee,2025-04,Senior Consultant,Strategy & Growth,137,160,85.8
1063,Brenda Lee,2025-05,Senior Consultant,Strategy & Growth,123,160,77.1
1063,Brenda Lee,2025-06,Senior Consultant,Strategy & Growth,140,160,87.8
1063,Brenda Lee,2025-07,Senior Consultant,Strategy & Growth,124,160,77.5
1063,Brenda Lee,2025-08,Senior Consultant,Strategy & Growth,125,160,78.4
1063,Brenda Lee,2025-09,Senior Consultant,Strategy & Growth,135,160,84.2
1063,Brenda Lee,2025-10,Senior Consultant,Strategy & Growth,122,160,76.2
1063,Brenda Lee,2025-11,Senior Consultant,Strategy & Growth,112,160,69.7
1063,Brenda Lee,2025-12,Senior Consultant,Strategy & Growth,115,160,71.9
1063,Brenda Lee,2026-01,Senior Consultant,Strategy & Growth,122,160,76.0
1063,Brenda Lee,2026-02,Senior Consultant,Strategy & Growth,130,160,81.2
1063,Brenda Lee,2026-03,Senior Consultant,Strategy & Growth,122,160,76.3
1063,Brenda Lee,2026-04,Senior Consultant,Strategy & Growth,120,160,74.8
1064,Megan Hall,2025-01,Senior Consultant,Technology & Digital,139,160,87.1
1064,Megan Hall,2025-02,Senior Consultant,Technology & Digital,137,160,85.8
1064,Megan Hall,2025-03,Senior Consultant,Technology & Digital,126,160,78.7
1064,Megan Hall,2025-04,Senior Consultant,Technology & Digital,140,160,87.4
1064,Megan Hall,2025-05,Senior Consultant,Technology & Digital,138,160,86.4
1064,Megan Hall,2025-06,Senior Consultant,Technology & Digital,136,160,85.0
1064,Megan Hall,2025-07,Senior Consultant,Technology & Digital,139,160,86.9
1064,Megan Hall,2025-08,Senior Consultant,Technology & Digital,134,160,83.5
1064,Megan Hall,2025-09,Senior Consultant,Technology & Digital,120,160,75.0
1064,Megan Hall,2025-10,Senior Consultant,Technology & Digital,113,160,70.5
1064,Megan Hall,2025-11,Senior Consultant,Technology & Digital,134,160,83.9
1064,Megan Hall,2025-12,Senior Consultant,Technology & Digital,121,160,75.5
1064,Megan Hall,2026-01,Senior Consultant,Technology & Digital,141,160,88.1
1064,Megan Hall,2026-02,Senior Consultant,Technology & Digital,131,160,82.0
1064,Megan Hall,2026-03,Senior Consultant,Technology & Digital,121,160,75.4
1064,Megan Hall,2026-04,Senior Consultant,Technology & Digital,128,160,80.3
1065,Alyssa Lopez,2025-01,Senior Consultant,HR & People,127,160,79.3
1065,Alyssa Lopez,2025-02,Senior Consultant,HR & People,121,160,75.9
1065,Alyssa Lopez,2025-03,Senior Consultant,HR & People,130,160,81.3
1065,Alyssa Lopez,2025-04,Senior Consultant,HR & People,116,160,72.8
1065,Alyssa Lopez,2025-05,Senior Consultant,HR & People,122,160,76.5
1065,Alyssa Lopez,2025-06,Senior Consultant,HR & People,130,160,81.6
1065,Alyssa Lopez,2025-07,Senior Consultant,HR & People,137,160,85.5
1065,Alyssa Lopez,2025-08,Senior Consultant,HR & People,132,160,82.8
1065,Alyssa Lopez,2025-09,Senior Consultant,HR & People,123,160,76.6
1065,Alyssa Lopez,2025-10,Senior Consultant,HR & People,109,160,68.1
1065,Alyssa Lopez,2025-11,Senior Consultant,HR & People,112,160,69.7
1065,Alyssa Lopez,2025-12,Senior Consultant,HR & People,112,160,70.1
1065,Alyssa Lopez,2026-01,Senior Consultant,HR & People,125,160,78.2
1065,Alyssa Lopez,2026-02,Senior Consultant,HR & People,128,160,79.9
1065,Alyssa Lopez,2026-03,Senior Consultant,HR & People,129,160,80.5
1065,Alyssa Lopez,2026-04,Senior Consultant,HR & People,120,160,74.7
1066,Elizabeth Jackson,2025-01,Senior Consultant,Operations Excellence,117,160,72.8
1066,Elizabeth Jackson,2025-02,Senior Consultant,Operations Excellence,130,160,81.0
1066,Elizabeth Jackson,2025-03,Senior Consultant,Operations Excellence,124,160,77.8
1066,Elizabeth Jackson,2025-04,Senior Consultant,Operations Excellence,123,160,76.6
1066,Elizabeth Jackson,2025-05,Senior Consultant,Operations Excellence,125,160,78.2
1066,Elizabeth Jackson,2025-06,Senior Consultant,Operations Excellence,127,160,79.2
1066,Elizabeth Jackson,2025-07,Senior Consultant,Operations Excellence,129,160,80.8
1066,Elizabeth Jackson,2025-08,Senior Consultant,Operations Excellence,136,160,85.2
1066,Elizabeth Jackson,2025-09,Senior Consultant,Operations Excellence,131,160,82.0
1066,Elizabeth Jackson,2025-10,Senior Consultant,Operations Excellence,124,160,77.8
1066,Elizabeth Jackson,2025-11,Senior Consultant,Operations Excellence,112,160,70.1
1066,Elizabeth Jackson,2025-12,Senior Consultant,Operations Excellence,111,160,69.5
1066,Elizabeth Jackson,2026-01,Senior Consultant,Operations Excellence,128,160,80.0
1066,Elizabeth Jackson,2026-02,Senior Consultant,Operations Excellence,144,160,89.8
1066,Elizabeth Jackson,2026-03,Senior Consultant,Operations Excellence,133,160,82.9
1066,Elizabeth Jackson,2026-04,Senior Consultant,Operations Excellence,128,160,79.8
1067,Olivia Wilson,2025-01,Senior Consultant,HR & People,119,160,74.3
1067,Olivia Wilson,2025-02,Senior Consultant,HR & People,131,160,81.6
1067,Olivia Wilson,2025-03,Senior Consultant,HR & People,125,160,78.4
1067,Olivia Wilson,2025-04,Senior Consultant,HR & People,116,160,72.6
1067,Olivia Wilson,2025-05,Senior Consultant,HR & People,116,160,72.6
1067,Olivia Wilson,2025-06,Senior Consultant,HR & People,133,160,83.4
1067,Olivia Wilson,2025-07,Senior Consultant,HR & People,136,160,84.9
1067,Olivia Wilson,2025-08,Senior Consultant,HR & People,128,160,80.3
1067,Olivia Wilson,2025-09,Senior Consultant,HR & People,119,160,74.4
1067,Olivia Wilson,2025-10,Senior Consultant,HR & People,132,160,82.3
1067,Olivia Wilson,2025-11,Senior Consultant,HR & People,112,160,70.2
1067,Olivia Wilson,2025-12,Senior Consultant,HR & People,133,160,82.9
1067,Olivia Wilson,2026-01,Senior Consultant,HR & People,127,160,79.1
1067,Olivia Wilson,2026-02,Senior Consultant,HR & People,128,160,80.3
1067,Olivia Wilson,2026-03,Senior Consultant,HR & People,134,160,83.9
1067,Olivia Wilson,2026-04,Senior Consultant,HR & People,140,160,87.5
1068,Brian Nelson,2025-01,Manager,HR & People,124,160,77.5
1068,Brian Nelson,2025-02,Manager,HR & People,122,160,76.1
1068,Brian Nelson,2025-03,Manager,HR & People,122,160,76.2
1068,Brian Nelson,2025-04,Manager,HR & People,121,160,75.8
1068,Brian Nelson,2025-05,Manager,HR & People,123,160,77.0
1068,Brian Nelson,2025-06,Manager,HR & People,121,160,75.6
1068,Brian Nelson,2025-07,Manager,HR & People,109,160,68.3
1068,Brian Nelson,2025-08,Manager,HR & People,117,160,73.3
1068,Brian Nelson,2025-09,Manager,HR & People,112,160,69.8
1068,Brian Nelson,2025-10,Manager,HR & People,113,160,70.7
1068,Brian Nelson,2025-11,Manager,HR & People,110,160,68.9
1068,Brian Nelson,2025-12,Manager,HR & People,125,160,78.4
1068,Brian Nelson,2026-01,Manager,HR & People,134,160,84.0
1068,Brian Nelson,2026-02,Manager,HR & People,128,160,80.1
1068,Brian Nelson,2026-03,Manager,HR & People,127,160,79.6
1068,Brian Nelson,2026-04,Manager,HR & People,119,160,74.2
1069,Joseph Evans,2025-01,Manager,Operations Excellence,126,160,78.5
1069,Joseph Evans,2025-02,Manager,Operations Excellence,134,160,83.6
1069,Joseph Evans,2025-03,Manager,Operations Excellence,124,160,77.3
1069,Joseph Evans,2025-04,Manager,Operations Excellence,115,160,71.6
1069,Joseph Evans,2025-05,Manager,Operations Excellence,110,160,68.8
1069,Joseph Evans,2025-06,Manager,Operations Excellence,121,160,75.7
1069,Joseph Evans,2025-07,Manager,Operations Excellence,122,160,76.4
1069,Joseph Evans,2025-08,Manager,Operations Excellence,127,160,79.5
1069,Joseph Evans,2025-09,Manager,Operations Excellence,129,160,80.4
1069,Joseph Evans,2025-10,Manager,Operations Excellence,112,160,70.1
1069,Joseph Evans,2025-11,Manager,Operations Excellence,123,160,77.1
1069,Joseph Evans,2025-12,Manager,Operations Excellence,109,160,67.9
1069,Joseph Evans,2026-01,Manager,Operations Excellence,127,160,79.2
1069,Joseph Evans,2026-02,Manager,Operations Excellence,130,160,81.2
1069,Joseph Evans,2026-03,Manager,Operations Excellence,117,160,73.1
1069,Joseph Evans,2026-04,Manager,Operations Excellence,123,160,77.1
1070,Brenda Collins,2025-01,Manager,Strategy & Growth,120,160,74.7
1070,Brenda Collins,2025-02,Manager,Strategy & Growth,119,160,74.6
1070,Brenda Collins,2025-03,Manager,Strategy & Growth,114,160,71.3
1070,Brenda Collins,2025-04,Manager,Strategy & Growth,122,160,76.0
1070,Brenda Collins,2025-05,Manager,Strategy & Growth,124,160,77.8
1070,Brenda Collins,2025-06,Manager,Strategy & Growth,121,160,75.5
1070,Brenda Collins,2025-07,Manager,Strategy & Growth,131,160,81.6
1070,Brenda Collins,2025-08,Manager,Strategy & Growth,127,160,79.6
1070,Brenda Collins,2025-09,Manager,Strategy & Growth,127,160,79.3
1070,Brenda Collins,2025-10,Manager,Strategy & Growth,116,160,72.3
1070,Brenda Collins,2025-11,Manager,Strategy & Growth,117,160,73.0
1070,Brenda Collins,2025-12,Manager,Strategy & Growth,128,160,80.0
1070,Brenda Collins,2026-01,Manager,Strategy & Growth,124,160,77.7
1070,Brenda Collins,2026-02,Manager,Strategy & Growth,122,160,76.0
1070,Brenda Collins,2026-03,Manager,Strategy & Growth,136,160,85.3
1070,Brenda Collins,2026-04,Manager,Strategy & Growth,124,160,77.4
1071,Katherine Sanchez,2025-01,Manager,Operations Excellence,122,160,76.5
1071,Katherine Sanchez,2025-02,Manager,Operations Excellence,123,160,76.7
1071,Katherine Sanchez,2025-03,Manager,Operations Excellence,126,160,78.8
1071,Katherine Sanchez,2025-04,Manager,Operations Excellence,131,160,81.9
1071,Katherine Sanchez,2025-05,Manager,Operations Excellence,126,160,78.9
1071,Katherine Sanchez,2025-06,Manager,Operations Excellence,129,160,80.9
1071,Katherine Sanchez,2025-07,Manager,Operations Excellence,116,160,72.2
1071,Katherine Sanchez,2025-08,Manager,Operations Excellence,121,160,75.7
1071,Katherine Sanchez,2025-09,Manager,Operations Excellence,133,160,83.3
1071,Katherine Sanchez,2025-10,Manager,Operations Excellence,110,160,68.5
1071,Katherine Sanchez,2025-11,Manager,Operations Excellence,110,160,68.8
1071,Katherine Sanchez,2025-12,Manager,Operations Excellence,127,160,79.1
1071,Katherine Sanchez,2026-01,Manager,Operations Excellence,137,160,85.7
1071,Katherine Sanchez,2026-02,Manager,Operations Excellence,132,160,82.3
1071,Katherine Sanchez,2026-03,Manager,Operations Excellence,130,160,81.3
1071,Katherine Sanchez,2026-04,Manager,Operations Excellence,130,160,81.0
1072,Amanda Evans,2025-01,Manager,HR & People,121,160,75.8
1072,Amanda Evans,2025-02,Manager,HR & People,121,160,75.7
1072,Amanda Evans,2025-03,Manager,HR & People,123,160,77.0
1072,Amanda Evans,2025-04,Manager,HR & People,133,160,83.0
1072,Amanda Evans,2025-05,Manager,HR & People,127,160,79.5
1072,Amanda Evans,2025-06,Manager,HR & People,116,160,72.6
1072,Amanda Evans,2025-07,Manager,HR & People,123,160,77.2
1072,Amanda Evans,2025-08,Manager,HR & People,123,160,76.7
1072,Amanda Evans,2025-09,Manager,HR & People,132,160,82.3
1072,Amanda Evans,2025-10,Manager,HR & People,113,160,70.3
1072,Amanda Evans,2025-11,Manager,HR & People,111,160,69.5
1072,Amanda Evans,2025-12,Manager,HR & People,122,160,76.4
1072,Amanda Evans,2026-01,Manager,HR & People,116,160,72.3
1072,Amanda Evans,2026-02,Manager,HR & People,113,160,70.7
1072,Amanda Evans,2026-03,Manager,HR & People,136,160,85.3
1072,Amanda Evans,2026-04,Manager,HR & People,114,160,71.3
1073,William Evans,2025-01,Manager,Finance & Risk,132,160,82.8
1073,William Evans,2025-02,Manager,Finance & Risk,126,160,78.5
1073,William Evans,2025-03,Manager,Finance & Risk,128,160,80.0
1073,William Evans,2025-04,Manager,Finance & Risk,114,160,71.4
1073,William Evans,2025-05,Manager,Finance & Risk,130,160,81.2
1073,William Evans,2025-06,Manager,Finance & Risk,116,160,72.3
1073,William Evans,2025-07,Manager,Finance & Risk,123,160,77.0
1073,William Evans,2025-08,Manager,Finance & Risk,116,160,72.3
1073,William Evans,2025-09,Manager,Finance & Risk,112,160,69.7
1073,William Evans,2025-10,Manager,Finance & Risk,121,160,75.9
1073,William Evans,2025-11,Manager,Finance & Risk,109,160,67.8
1073,William Evans,2025-12,Manager,Finance & Risk,104,160,64.8
1073,William Evans,2026-01,Manager,Finance & Risk,135,160,84.5
1073,William Evans,2026-02,Manager,Finance & Risk,118,160,73.6
1073,William Evans,2026-03,Manager,Finance & Risk,118,160,73.7
1073,William Evans,2026-04,Manager,Finance & Risk,115,160,71.6
1074,Hannah Parker,2025-01,Manager,HR & People,117,160,73.3
1074,Hannah Parker,2025-02,Manager,HR & People,121,160,75.6
1074,Hannah Parker,2025-03,Manager,HR & People,126,160,78.9
1074,Hannah Parker,2025-04,Manager,HR & People,112,160,70.2
1074,Hannah Parker,2025-05,Manager,HR & People,133,160,83.4
1074,Hannah Parker,2025-06,Manager,HR & People,134,160,83.6
1074,Hannah Parker,2025-07,Manager,HR & People,113,160,70.5
1074,Hannah Parker,2025-08,Manager,HR & People,126,160,78.4
1074,Hannah Parker,2025-09,Manager,HR & People,131,160,82.1
1074,Hannah Parker,2025-10,Manager,HR & People,115,160,71.6
1074,Hannah Parker,2025-11,Manager,HR & People,119,160,74.4
1074,Hannah Parker,2025-12,Manager,HR & People,122,160,76.1
1074,Hannah Parker,2026-01,Manager,HR & People,119,160,74.6
1074,Hannah Parker,2026-02,Manager,HR & People,119,160,74.6
1074,Hannah Parker,2026-03,Manager,HR & People,114,160,70.9
1074,Hannah Parker,2026-04,Manager,HR & People,132,160,82.3
1075,Adam Thomas,2025-01,Manager,Technology & Digital,125,160,78.4
1075,Adam Thomas,2025-02,Manager,Technology & Digital,115,160,71.7
1075,Adam Thomas,2025-03,Manager,Technology & Digital,128,160,79.8
1075,Adam Thomas,2025-04,Manager,Technology & Digital,131,160,81.6
1075,Adam Thomas,2025-05,Manager,Technology & Digital,110,160,68.6
1075,Adam Thomas,2025-06,Manager,Technology & Digital,132,160,82.7
1075,Adam Thomas,2025-07,Manager,Technology & Digital,119,160,74.7
1075,Adam Thomas,2025-08,Manager,Technology & Digital,130,160,81.4
1075,Adam Thomas,2025-09,Manager,Technology & Digital,133,160,82.9
1075,Adam Thomas,2025-10,Manager,Technology & Digital,103,160,64.6
1075,Adam Thomas,2025-11,Manager,Technology & Digital,124,160,77.4
1075,Adam Thomas,2025-12,Manager,Technology & Digital,123,160,76.6
1075,Adam Thomas,2026-01,Manager,Technology & Digital,117,160,73.0
1075,Adam Thomas,2026-02,Manager,Technology & Digital,131,160,82.0
1075,Adam Thomas,2026-03,Manager,Technology & Digital,134,160,84.0
1075,Adam Thomas,2026-04,Manager,Technology & Digital,119,160,74.6
1076,David Rivera,2025-01,Manager,Technology & Digital,110,160,68.6
1076,David Rivera,2025-02,Manager,Technology & Digital,116,160,72.8
1076,David Rivera,2025-03,Manager,Technology & Digital,124,160,77.6
1076,David Rivera,2025-04,Manager,Technology & Digital,133,160,82.9
1076,David Rivera,2025-05,Manager,Technology & Digital,117,160,73.4
1076,David Rivera,2025-06,Manager,Technology & Digital,120,160,75.3
1076,David Rivera,2025-07,Manager,Technology & Digital,125,160,78.3
1076,David Rivera,2025-08,Manager,Technology & Digital,122,160,76.4
1076,David Rivera,2025-09,Manager,Technology & Digital,132,160,82.2
1076,David Rivera,2025-10,Manager,Technology & Digital,106,160,66.1
1076,David Rivera,2025-11,Manager,Technology & Digital,115,160,72.1
1076,David Rivera,2025-12,Manager,Technology & Digital,109,160,68.4
1076,David Rivera,2026-01,Manager,Technology & Digital,133,160,82.9
1076,David Rivera,2026-02,Manager,Technology & Digital,120,160,75.3
1076,David Rivera,2026-03,Manager,Technology & Digital,131,160,81.7
1076,David Rivera,2026-04,Manager,Technology & Digital,129,160,80.4
1077,Jessica Rodriguez,2025-01,Manager,Operations Excellence,127,160,79.5
1077,Jessica Rodriguez,2025-02,Manager,Operations Excellence,109,160,68.2
1077,Jessica Rodriguez,2025-03,Manager,Operations Excellence,117,160,73.4
1077,Jessica Rodriguez,2025-04,Manager,Operations Excellence,116,160,72.7
1077,Jessica Rodriguez,2025-05,Manager,Operations Excellence,126,160,78.8
1077,Jessica Rodriguez,2025-06,Manager,Operations Excellence,114,160,71.1
1077,Jessica Rodriguez,2025-07,Manager,Operations Excellence,124,160,77.8
1077,Jessica Rodriguez,2025-08,Manager,Operations Excellence,125,160,78.2
1077,Jessica Rodriguez,2025-09,Manager,Operations Excellence,119,160,74.5
1077,Jessica Rodriguez,2025-10,Manager,Operations Excellence,113,160,70.8
1077,Jessica Rodriguez,2025-11,Manager,Operations Excellence,111,160,69.2
1077,Jessica Rodriguez,2025-12,Manager,Operations Excellence,113,160,70.4
1077,Jessica Rodriguez,2026-01,Manager,Operations Excellence,114,160,71.5
1077,Jessica Rodriguez,2026-02,Manager,Operations Excellence,137,160,85.7
1077,Jessica Rodriguez,2026-03,Manager,Operations Excellence,124,160,77.6
1077,Jessica Rodriguez,2026-04,Manager,Operations Excellence,136,160,85.0
1078,David Clark,2025-01,Manager,Finance & Risk,109,160,68.1
1078,David Clark,2025-02,Manager,Finance & Risk,119,160,74.1
1078,David Clark,2025-03,Manager,Finance & Risk,120,160,75.1
1078,David Clark,2025-04,Manager,Finance & Risk,116,160,72.3
1078,David Clark,2025-05,Manager,Finance & Risk,117,160,73.3
1078,David Clark,2025-06,Manager,Finance & Risk,124,160,77.3
1078,David Clark,2025-07,Manager,Finance & Risk,123,160,77.2
1078,David Clark,2025-08,Manager,Finance & Risk,115,160,72.2
1078,David Clark,2025-09,Manager,Finance & Risk,118,160,73.8
1078,David Clark,2025-10,Manager,Finance & Risk,108,160,67.8
1078,David Clark,2025-11,Manager,Finance & Risk,119,160,74.7
1078,David Clark,2025-12,Manager,Finance & Risk,114,160,71.4
1078,David Clark,2026-01,Manager,Finance & Risk,116,160,72.6
1078,David Clark,2026-02,Manager,Finance & Risk,130,160,81.0
1078,David Clark,2026-03,Manager,Finance & Risk,136,160,84.8
1078,David Clark,2026-04,Manager,Finance & Risk,135,160,84.2
1079,Isabella Clark,2025-01,Manager,Finance & Risk,129,160,80.3
1079,Isabella Clark,2025-02,Manager,Finance & Risk,126,160,79.0
1079,Isabella Clark,2025-03,Manager,Finance & Risk,125,160,78.2
1079,Isabella Clark,2025-04,Manager,Finance & Risk,133,160,83.1
1079,Isabella Clark,2025-05,Manager,Finance & Risk,118,160,73.9
1079,Isabella Clark,2025-06,Manager,Finance & Risk,114,160,71.5
1079,Isabella Clark,2025-07,Manager,Finance & Risk,133,160,83.3
1079,Isabella Clark,2025-08,Manager,Finance & Risk,121,160,75.7
1079,Isabella Clark,2025-09,Manager,Finance & Risk,120,160,75.3
1079,Isabella Clark,2025-10,Manager,Finance & Risk,128,160,79.8
1079,Isabella Clark,2025-11,Manager,Finance & Risk,112,160,70.0
1079,Isabella Clark,2025-12,Manager,Finance & Risk,120,160,75.2
1079,Isabella Clark,2026-01,Manager,Finance & Risk,135,160,84.6
1079,Isabella Clark,2026-02,Manager,Finance & Risk,131,160,82.1
1079,Isabella Clark,2026-03,Manager,Finance & Risk,133,160,82.8
1079,Isabella Clark,2026-04,Manager,Finance & Risk,133,160,83.2
1080,Matthew Martin,2025-01,Manager,Finance & Risk,128,160,80.2
1080,Matthew Martin,2025-02,Manager,Finance & Risk,126,160,78.9
1080,Matthew Martin,2025-03,Manager,Finance & Risk,124,160,77.5
1080,Matthew Martin,2025-04,Manager,Finance & Risk,129,160,80.6
1080,Matthew Martin,2025-05,Manager,Finance & Risk,122,160,76.4
1080,Matthew Martin,2025-06,Manager,Finance & Risk,122,160,76.5
1080,Matthew Martin,2025-07,Manager,Finance & Risk,118,160,73.8
1080,Matthew Martin,2025-08,Manager,Finance & Risk,132,160,82.7
1080,Matthew Martin,2025-09,Manager,Finance & Risk,112,160,69.8
1080,Matthew Martin,2025-10,Manager,Finance & Risk,124,160,77.3
1080,Matthew Martin,2025-11,Manager,Finance & Risk,126,160,78.4
1080,Matthew Martin,2025-12,Manager,Finance & Risk,108,160,67.2
1080,Matthew Martin,2026-01,Manager,Finance & Risk,126,160,78.6
1080,Matthew Martin,2026-02,Manager,Finance & Risk,116,160,72.6
1080,Matthew Martin,2026-03,Manager,Finance & Risk,134,160,83.7
1080,Matthew Martin,2026-04,Manager,Finance & Risk,123,160,77.1
1081,Hannah Young,2025-01,Manager,Strategy & Growth,126,160,78.9
1081,Hannah Young,2025-02,Manager,Strategy & Growth,127,160,79.5
1081,Hannah Young,2025-03,Manager,Strategy & Growth,121,160,75.8
1081,Hannah Young,2025-04,Manager,Strategy & Growth,132,160,82.4
1081,Hannah Young,2025-05,Manager,Strategy & Growth,120,160,75.1
1081,Hannah Young,2025-06,Manager,Strategy & Growth,110,160,68.9
1081,Hannah Young,2025-07,Manager,Strategy & Growth,112,160,70.1
1081,Hannah Young,2025-08,Manager,Strategy & Growth,119,160,74.6
1081,Hannah Young,2025-09,Manager,Strategy & Growth,123,160,77.0
1081,Hannah Young,2025-10,Manager,Strategy & Growth,117,160,72.9
1081,Hannah Young,2025-11,Manager,Strategy & Growth,120,160,74.8
1081,Hannah Young,2025-12,Manager,Strategy & Growth,110,160,68.9
1081,Hannah Young,2026-01,Manager,Strategy & Growth,113,160,70.3
1081,Hannah Young,2026-02,Manager,Strategy & Growth,119,160,74.1
1081,Hannah Young,2026-03,Manager,Strategy & Growth,112,160,70.0
1081,Hannah Young,2026-04,Manager,Strategy & Growth,118,160,73.5
1082,Sean Rodriguez,2025-01,Manager,HR & People,111,160,69.2
1082,Sean Rodriguez,2025-02,Manager,HR & People,120,160,74.8
1082,Sean Rodriguez,2025-03,Manager,HR & People,127,160,79.2
1082,Sean Rodriguez,2025-04,Manager,HR & People,123,160,76.7
1082,Sean Rodriguez,2025-05,Manager,HR & People,110,160,69.0
1082,Sean Rodriguez,2025-06,Manager,HR & People,132,160,82.3
1082,Sean Rodriguez,2025-07,Manager,HR & People,134,160,83.8
1082,Sean Rodriguez,2025-08,Manager,HR & People,121,160,75.6
1082,Sean Rodriguez,2025-09,Manager,HR & People,116,160,72.6
1082,Sean Rodriguez,2025-10,Manager,HR & People,107,160,66.9
1082,Sean Rodriguez,2025-11,Manager,HR & People,106,160,66.2
1082,Sean Rodriguez,2025-12,Manager,HR & People,119,160,74.3
1082,Sean Rodriguez,2026-01,Manager,HR & People,131,160,81.7
1082,Sean Rodriguez,2026-02,Manager,HR & People,137,160,85.4
1082,Sean Rodriguez,2026-03,Manager,HR & People,122,160,76.0
1082,Sean Rodriguez,2026-04,Manager,HR & People,135,160,84.3
1083,Mark Johnson,2025-01,Manager,Strategy & Growth,120,160,75.2
1083,Mark Johnson,2025-02,Manager,Strategy & Growth,132,160,82.7
1083,Mark Johnson,2025-03,Manager,Strategy & Growth,118,160,74.0
1083,Mark Johnson,2025-04,Manager,Strategy & Growth,111,160,69.3
1083,Mark Johnson,2025-05,Manager,Strategy & Growth,133,160,83.4
1083,Mark Johnson,2025-06,Manager,Strategy & Growth,131,160,82.0
1083,Mark Johnson,2025-07,Manager,Strategy & Growth,112,160,70.1
1083,Mark Johnson,2025-08,Manager,Strategy & Growth,131,160,81.8
1083,Mark Johnson,2025-09,Manager,Strategy & Growth,112,160,69.9
1083,Mark Johnson,2025-10,Manager,Strategy & Growth,128,160,79.9
1083,Mark Johnson,2025-11,Manager,Strategy & Growth,112,160,70.3
1083,Mark Johnson,2025-12,Manager,Strategy & Growth,106,160,66.0
1083,Mark Johnson,2026-01,Manager,Strategy & Growth,137,160,85.7
1083,Mark Johnson,2026-02,Manager,Strategy & Growth,133,160,83.4
1083,Mark Johnson,2026-03,Manager,Strategy & Growth,131,160,82.1
1083,Mark Johnson,2026-04,Manager,Strategy & Growth,137,160,85.7
1084,Thomas Harris,2025-01,Manager,Technology & Digital,121,160,75.4
1084,Thomas Harris,2025-02,Manager,Technology & Digital,127,160,79.5
1084,Thomas Harris,2025-03,Manager,Technology & Digital,120,160,74.8
1084,Thomas Harris,2025-04,Manager,Technology & Digital,119,160,74.1
1084,Thomas Harris,2025-05,Manager,Technology & Digital,115,160,71.7
1084,Thomas Harris,2025-06,Manager,Technology & Digital,121,160,75.4
1084,Thomas Harris,2025-07,Manager,Technology & Digital,113,160,70.5
1084,Thomas Harris,2025-08,Manager,Technology & Digital,114,160,71.0
1084,Thomas Harris,2025-09,Manager,Technology & Digital,131,160,82.0
1084,Thomas Harris,2025-10,Manager,Technology & Digital,122,160,76.2
1084,Thomas Harris,2025-11,Manager,Technology & Digital,103,160,64.5
1084,Thomas Harris,2025-12,Manager,Technology & Digital,119,160,74.6
1084,Thomas Harris,2026-01,Manager,Technology & Digital,128,160,79.8
1084,Thomas Harris,2026-02,Manager,Technology & Digital,136,160,85.0
1084,Thomas Harris,2026-03,Manager,Technology & Digital,135,160,84.2
1084,Thomas Harris,2026-04,Manager,Technology & Digital,118,160,73.9
1085,Nicole Carter,2025-01,Manager,Finance & Risk,111,160,69.1
1085,Nicole Carter,2025-02,Manager,Finance & Risk,124,160,77.5
1085,Nicole Carter,2025-03,Manager,Finance & Risk,120,160,75.1
1085,Nicole Carter,2025-04,Manager,Finance & Risk,126,160,78.8
1085,Nicole Carter,2025-05,Manager,Finance & Risk,131,160,82.0
1085,Nicole Carter,2025-06,Manager,Finance & Risk,115,160,71.9
1085,Nicole Carter,2025-07,Manager,Finance & Risk,110,160,68.7
1085,Nicole Carter,2025-08,Manager,Finance & Risk,120,160,75.0
1085,Nicole Carter,2025-09,Manager,Finance & Risk,123,160,76.6
1085,Nicole Carter,2025-10,Manager,Finance & Risk,122,160,76.1
1085,Nicole Carter,2025-11,Manager,Finance & Risk,122,160,76.4
1085,Nicole Carter,2025-12,Manager,Finance & Risk,106,160,66.2
1085,Nicole Carter,2026-01,Manager,Finance & Risk,137,160,85.9
1085,Nicole Carter,2026-02,Manager,Finance & Risk,118,160,73.7
1085,Nicole Carter,2026-03,Manager,Finance & Risk,135,160,84.7
1085,Nicole Carter,2026-04,Manager,Finance & Risk,127,160,79.2
1086,Emily Thompson,2025-01,Senior Manager,Operations Excellence,114,160,71.2
1086,Emily Thompson,2025-02,Senior Manager,Operations Excellence,119,160,74.4
1086,Emily Thompson,2025-03,Senior Manager,Operations Excellence,120,160,75.1
1086,Emily Thompson,2025-04,Senior Manager,Operations Excellence,105,160,65.8
1086,Emily Thompson,2025-05,Senior Manager,Operations Excellence,122,160,76.0
1086,Emily Thompson,2025-06,Senior Manager,Operations Excellence,124,160,77.8
1086,Emily Thompson,2025-07,Senior Manager,Operations Excellence,113,160,70.3
1086,Emily Thompson,2025-08,Senior Manager,Operations Excellence,110,160,68.6
1086,Emily Thompson,2025-09,Senior Manager,Operations Excellence,106,160,66.4
1086,Emily Thompson,2025-10,Senior Manager,Operations Excellence,107,160,66.9
1086,Emily Thompson,2025-11,Senior Manager,Operations Excellence,108,160,67.5
1086,Emily Thompson,2025-12,Senior Manager,Operations Excellence,112,160,69.8
1086,Emily Thompson,2026-01,Senior Manager,Operations Excellence,107,160,66.8
1086,Emily Thompson,2026-02,Senior Manager,Operations Excellence,120,160,74.9
1086,Emily Thompson,2026-03,Senior Manager,Operations Excellence,117,160,72.9
1086,Emily Thompson,2026-04,Senior Manager,Operations Excellence,104,160,64.8
1087,Isabella Johnson,2025-01,Senior Manager,HR & People,108,160,67.5
1087,Isabella Johnson,2025-02,Senior Manager,HR & People,116,160,72.3
1087,Isabella Johnson,2025-03,Senior Manager,HR & People,109,160,68.1
1087,Isabella Johnson,2025-04,Senior Manager,HR & People,113,160,70.4
1087,Isabella Johnson,2025-05,Senior Manager,HR & People,117,160,73.1
1087,Isabella Johnson,2025-06,Senior Manager,HR & People,110,160,68.5
1087,Isabella Johnson,2025-07,Senior Manager,HR & People,107,160,66.8
1087,Isabella Johnson,2025-08,Senior Manager,HR & People,104,160,64.9
1087,Isabella Johnson,2025-09,Senior Manager,HR & People,113,160,70.6
1087,Isabella Johnson,2025-10,Senior Manager,HR & People,99,160,61.9
1087,Isabella Johnson,2025-11,Senior Manager,HR & People,99,160,61.6
1087,Isabella Johnson,2025-12,Senior Manager,HR & People,115,160,71.7
1087,Isabella Johnson,2026-01,Senior Manager,HR & People,106,160,66.3
1087,Isabella Johnson,2026-02,Senior Manager,HR & People,114,160,71.4
1087,Isabella Johnson,2026-03,Senior Manager,HR & People,104,160,64.9
1087,Isabella Johnson,2026-04,Senior Manager,HR & People,113,160,70.6
1088,Timothy Wilson,2025-01,Senior Manager,Finance & Risk,110,160,68.7
1088,Timothy Wilson,2025-02,Senior Manager,Finance & Risk,113,160,70.5
1088,Timothy Wilson,2025-03,Senior Manager,Finance & Risk,109,160,68.2
1088,Timothy Wilson,2025-04,Senior Manager,Finance & Risk,106,160,66.1
1088,Timothy Wilson,2025-05,Senior Manager,Finance & Risk,108,160,67.3
1088,Timothy Wilson,2025-06,Senior Manager,Finance & Risk,101,160,63.3
1088,Timothy Wilson,2025-07,Senior Manager,Finance & Risk,111,160,69.2
1088,Timothy Wilson,2025-08,Senior Manager,Finance & Risk,109,160,67.9
1088,Timothy Wilson,2025-09,Senior Manager,Finance & Risk,113,160,70.6
1088,Timothy Wilson,2025-10,Senior Manager,Finance & Risk,114,160,71.3
1088,Timothy Wilson,2025-11,Senior Manager,Finance & Risk,94,160,58.8
1088,Timothy Wilson,2025-12,Senior Manager,Finance & Risk,102,160,64.0
1088,Timothy Wilson,2026-01,Senior Manager,Finance & Risk,118,160,73.7
1088,Timothy Wilson,2026-02,Senior Manager,Finance & Risk,103,160,64.6
1088,Timothy Wilson,2026-03,Senior Manager,Finance & Risk,104,160,65.2
1088,Timothy Wilson,2026-04,Senior Manager,Finance & Risk,123,160,76.9
1089,Victoria Rivera,2025-01,Senior Manager,Strategy & Growth,114,160,71.4
1089,Victoria Rivera,2025-02,Senior Manager,Strategy & Growth,116,160,72.7
1089,Victoria Rivera,2025-03,Senior Manager,Strategy & Growth,105,160,65.5
1089,Victoria Rivera,2025-04,Senior Manager,Strategy & Growth,105,160,65.3
1089,Victoria Rivera,2025-05,Senior Manager,Strategy & Growth,122,160,76.5
1089,Victoria Rivera,2025-06,Senior Manager,Strategy & Growth,107,160,66.9
1089,Victoria Rivera,2025-07,Senior Manager,Strategy & Growth,122,160,76.5
1089,Victoria Rivera,2025-08,Senior Manager,Strategy & Growth,105,160,65.4
1089,Victoria Rivera,2025-09,Senior Manager,Strategy & Growth,104,160,65.0
1089,Victoria Rivera,2025-10,Senior Manager,Strategy & Growth,112,160,69.9
1089,Victoria Rivera,2025-11,Senior Manager,Strategy & Growth,112,160,70.0
1089,Victoria Rivera,2025-12,Senior Manager,Strategy & Growth,112,160,70.1
1089,Victoria Rivera,2026-01,Senior Manager,Strategy & Growth,126,160,78.6
1089,Victoria Rivera,2026-02,Senior Manager,Strategy & Growth,120,160,75.1
1089,Victoria Rivera,2026-03,Senior Manager,Strategy & Growth,120,160,75.3
1089,Victoria Rivera,2026-04,Senior Manager,Strategy & Growth,113,160,70.3
1090,Brittany Martin,2025-01,Senior Manager,HR & People,105,160,65.8
1090,Brittany Martin,2025-02,Senior Manager,HR & People,107,160,67.1
1090,Brittany Martin,2025-03,Senior Manager,HR & People,106,160,66.5
1090,Brittany Martin,2025-04,Senior Manager,HR & People,111,160,69.5
1090,Brittany Martin,2025-05,Senior Manager,HR & People,116,160,72.4
1090,Brittany Martin,2025-06,Senior Manager,HR & People,107,160,66.9
1090,Brittany Martin,2025-07,Senior Manager,HR & People,108,160,67.8
1090,Brittany Martin,2025-08,Senior Manager,HR & People,122,160,76.1
1090,Brittany Martin,2025-09,Senior Manager,HR & People,111,160,69.5
1090,Brittany Martin,2025-10,Senior Manager,HR & People,113,160,70.8
1090,Brittany Martin,2025-11,Senior Manager,HR & People,111,160,69.6
1090,Brittany Martin,2025-12,Senior Manager,HR & People,112,160,70.2
1090,Brittany Martin,2026-01,Senior Manager,HR & People,111,160,69.1
1090,Brittany Martin,2026-02,Senior Manager,HR & People,108,160,67.3
1090,Brittany Martin,2026-03,Senior Manager,HR & People,110,160,69.0
1090,Brittany Martin,2026-04,Senior Manager,HR & People,104,160,64.7
1091,Jason Parker,2025-01,Senior Manager,Operations Excellence,121,160,75.8
1091,Jason Parker,2025-02,Senior Manager,Operations Excellence,118,160,73.9
1091,Jason Parker,2025-03,Senior Manager,Operations Excellence,100,160,62.3
1091,Jason Parker,2025-04,Senior Manager,Operations Excellence,113,160,70.9
1091,Jason Parker,2025-05,Senior Manager,Operations Excellence,114,160,71.3
1091,Jason Parker,2025-06,Senior Manager,Operations Excellence,118,160,73.5
1091,Jason Parker,2025-07,Senior Manager,Operations Excellence,107,160,66.7
1091,Jason Parker,2025-08,Senior Manager,Operations Excellence,104,160,65.1
1091,Jason Parker,2025-09,Senior Manager,Operations Excellence,105,160,65.7
1091,Jason Parker,2025-10,Senior Manager,Operations Excellence,107,160,67.1
1091,Jason Parker,2025-11,Senior Manager,Operations Excellence,99,160,61.9
1091,Jason Parker,2025-12,Senior Manager,Operations Excellence,107,160,66.8
1091,Jason Parker,2026-01,Senior Manager,Operations Excellence,127,160,79.1
1091,Jason Parker,2026-02,Senior Manager,Operations Excellence,111,160,69.4
1091,Jason Parker,2026-03,Senior Manager,Operations Excellence,122,160,76.2
1091,Jason Parker,2026-04,Senior Manager,Operations Excellence,115,160,71.8
1092,Matthew Wright,2025-01,Senior Manager,Finance & Risk,118,160,73.6
1092,Matthew Wright,2025-02,Senior Manager,Finance & Risk,118,160,73.8
1092,Matthew Wright,2025-03,Senior Manager,Finance & Risk,111,160,69.4
1092,Matthew Wright,2025-04,Senior Manager,Finance & Risk,118,160,73.7
1092,Matthew Wright,2025-05,Senior Manager,Finance & Risk,108,160,67.6
1092,Matthew Wright,2025-06,Senior Manager,Finance & Risk,103,160,64.2
1092,Matthew Wright,2025-07,Senior Manager,Finance & Risk,113,160,70.7
1092,Matthew Wright,2025-08,Senior Manager,Finance & Risk,104,160,64.9
1092,Matthew Wright,2025-09,Senior Manager,Finance & Risk,122,160,76.2
1092,Matthew Wright,2025-10,Senior Manager,Finance & Risk,118,160,73.8
1092,Matthew Wright,2025-11,Senior Manager,Finance & Risk,117,160,73.3
1092,Matthew Wright,2025-12,Senior Manager,Finance & Risk,106,160,66.4
1092,Matthew Wright,2026-01,Senior Manager,Finance & Risk,124,160,77.4
1092,Matthew Wright,2026-02,Senior Manager,Finance & Risk,104,160,65.2
1092,Matthew Wright,2026-03,Senior Manager,Finance & Risk,123,160,77.1
1092,Matthew Wright,2026-04,Senior Manager,Finance & Risk,104,160,64.8
1093,James Collins,2025-01,Senior Manager,Finance & Risk,99,160,62.1
1093,James Collins,2025-02,Senior Manager,Finance & Risk,103,160,64.2
1093,James Collins,2025-03,Senior Manager,Finance & Risk,115,160,72.1
1093,James Collins,2025-04,Senior Manager,Finance & Risk,101,160,63.1
1093,James Collins,2025-05,Senior Manager,Finance & Risk,103,160,64.4
1093,James Collins,2025-06,Senior Manager,Finance & Risk,105,160,65.5
1093,James Collins,2025-07,Senior Manager,Finance & Risk,111,160,69.3
1093,James Collins,2025-08,Senior Manager,Finance & Risk,101,160,63.0
1093,James Collins,2025-09,Senior Manager,Finance & Risk,116,160,72.2
1093,James Collins,2025-10,Senior Manager,Finance & Risk,117,160,72.9
1093,James Collins,2025-11,Senior Manager,Finance & Risk,116,160,72.6
1093,James Collins,2025-12,Senior Manager,Finance & Risk,110,160,68.5
1093,James Collins,2026-01,Senior Manager,Finance & Risk,103,160,64.3
1093,James Collins,2026-02,Senior Manager,Finance & Risk,116,160,72.5
1093,James Collins,2026-03,Senior Manager,Finance & Risk,113,160,70.6
1093,James Collins,2026-04,Senior Manager,Finance & Risk,103,160,64.3
1094,Alyssa Parker,2025-01,Senior Manager,Finance & Risk,118,160,73.6
1094,Alyssa Parker,2025-02,Senior Manager,Finance & Risk,113,160,70.6
1094,Alyssa Parker,2025-03,Senior Manager,Finance & Risk,107,160,66.6
1094,Alyssa Parker,2025-04,Senior Manager,Finance & Risk,112,160,70.0
1094,Alyssa Parker,2025-05,Senior Manager,Finance & Risk,117,160,73.2
1094,Alyssa Parker,2025-06,Senior Manager,Finance & Risk,110,160,68.9
1094,Alyssa Parker,2025-07,Senior Manager,Finance & Risk,123,160,77.0
1094,Alyssa Parker,2025-08,Senior Manager,Finance & Risk,104,160,64.9
1094,Alyssa Parker,2025-09,Senior Manager,Finance & Risk,123,160,76.7
1094,Alyssa Parker,2025-10,Senior Manager,Finance & Risk,106,160,66.4
1094,Alyssa Parker,2025-11,Senior Manager,Finance & Risk,99,160,61.9
1094,Alyssa Parker,2025-12,Senior Manager,Finance & Risk,109,160,67.9
1094,Alyssa Parker,2026-01,Senior Manager,Finance & Risk,109,160,68.0
1094,Alyssa Parker,2026-02,Senior Manager,Finance & Risk,111,160,69.7
1094,Alyssa Parker,2026-03,Senior Manager,Finance & Risk,123,160,76.7
1094,Alyssa Parker,2026-04,Senior Manager,Finance & Risk,104,160,65.3
1095,Brenda Evans,2025-01,Senior Manager,HR & People,124,160,77.3
1095,Brenda Evans,2025-02,Senior Manager,HR & People,111,160,69.3
1095,Brenda Evans,2025-03,Senior Manager,HR & People,105,160,65.9
1095,Brenda Evans,2025-04,Senior Manager,HR & People,117,160,73.2
1095,Brenda Evans,2025-05,Senior Manager,HR & People,107,160,66.8
1095,Brenda Evans,2025-06,Senior Manager,HR & People,120,160,75.2
1095,Brenda Evans,2025-07,Senior Manager,HR & People,101,160,63.3
1095,Brenda Evans,2025-08,Senior Manager,HR & People,125,160,77.9
1095,Brenda Evans,2025-09,Senior Manager,HR & People,116,160,72.4
1095,Brenda Evans,2025-10,Senior Manager,HR & People,94,160,58.5
1095,Brenda Evans,2025-11,Senior Manager,HR & People,103,160,64.5
1095,Brenda Evans,2025-12,Senior Manager,HR & People,102,160,64.0
1095,Brenda Evans,2026-01,Senior Manager,HR & People,115,160,71.6
1095,Brenda Evans,2026-02,Senior Manager,HR & People,119,160,74.2
1095,Brenda Evans,2026-03,Senior Manager,HR & People,120,160,75.2
1095,Brenda Evans,2026-04,Senior Manager,HR & People,105,160,65.3
1096,Daniel Collins,2025-01,Principal,Operations Excellence,113,160,70.5
1096,Daniel Collins,2025-02,Principal,Operations Excellence,108,160,67.3
1096,Daniel Collins,2025-03,Principal,Operations Excellence,100,160,62.3
1096,Daniel Collins,2025-04,Principal,Operations Excellence,116,160,72.6
1096,Daniel Collins,2025-05,Principal,Operations Excellence,116,160,72.6
1096,Daniel Collins,2025-06,Principal,Operations Excellence,114,160,71.3
1096,Daniel Collins,2025-07,Principal,Operations Excellence,115,160,71.7
1096,Daniel Collins,2025-08,Principal,Operations Excellence,97,160,60.7
1096,Daniel Collins,2025-09,Principal,Operations Excellence,114,160,71.4
1096,Daniel Collins,2025-10,Principal,Operations Excellence,103,160,64.1
1096,Daniel Collins,2025-11,Principal,Operations Excellence,99,160,62.1
1096,Daniel Collins,2025-12,Principal,Operations Excellence,92,160,57.3
1096,Daniel Collins,2026-01,Principal,Operations Excellence,118,160,73.8
1096,Daniel Collins,2026-02,Principal,Operations Excellence,112,160,70.0
1096,Daniel Collins,2026-03,Principal,Operations Excellence,102,160,63.5
1096,Daniel Collins,2026-04,Principal,Operations Excellence,108,160,67.7
1097,Timothy Flores,2025-01,Principal,Finance & Risk,108,160,67.5
1097,Timothy Flores,2025-02,Principal,Finance & Risk,96,160,59.9
1097,Timothy Flores,2025-03,Principal,Finance & Risk,113,160,70.6
1097,Timothy Flores,2025-04,Principal,Finance & Risk,92,160,57.3
1097,Timothy Flores,2025-05,Principal,Finance & Risk,97,160,60.3
1097,Timothy Flores,2025-06,Principal,Finance & Risk,95,160,59.3
1097,Timothy Flores,2025-07,Principal,Finance & Risk,112,160,70.1
1097,Timothy Flores,2025-08,Principal,Finance & Risk,112,160,70.1
1097,Timothy Flores,2025-09,Principal,Finance & Risk,115,160,71.9
1097,Timothy Flores,2025-10,Principal,Finance & Risk,92,160,57.8
1097,Timothy Flores,2025-11,Principal,Finance & Risk,99,160,62.0
1097,Timothy Flores,2025-12,Principal,Finance & Risk,99,160,62.1
1097,Timothy Flores,2026-01,Principal,Finance & Risk,116,160,72.6
1097,Timothy Flores,2026-02,Principal,Finance & Risk,112,160,69.8
1097,Timothy Flores,2026-03,Principal,Finance & Risk,108,160,67.6
1097,Timothy Flores,2026-04,Principal,Finance & Risk,104,160,65.1
1098,Katherine Wilson,2025-01,Principal,Technology & Digital,110,160,68.8
1098,Katherine Wilson,2025-02,Principal,Technology & Digital,111,160,69.6
1098,Katherine Wilson,2025-03,Principal,Technology & Digital,109,160,68.0
1098,Katherine Wilson,2025-04,Principal,Technology & Digital,93,160,58.3
1098,Katherine Wilson,2025-05,Principal,Technology & Digital,110,160,68.9
1098,Katherine Wilson,2025-06,Principal,Technology & Digital,100,160,62.5
1098,Katherine Wilson,2025-07,Principal,Technology & Digital,94,160,58.6
1098,Katherine Wilson,2025-08,Principal,Technology & Digital,97,160,60.7
1098,Katherine Wilson,2025-09,Principal,Technology & Digital,93,160,58.2
1098,Katherine Wilson,2025-10,Principal,Technology & Digital,100,160,62.7
1098,Katherine Wilson,2025-11,Principal,Technology & Digital,101,160,62.8
1098,Katherine Wilson,2025-12,Principal,Technology & Digital,100,160,62.5
1098,Katherine Wilson,2026-01,Principal,Technology & Digital,119,160,74.5
1098,Katherine Wilson,2026-02,Principal,Technology & Digital,103,160,64.2
1098,Katherine Wilson,2026-03,Principal,Technology & Digital,111,160,69.1
1098,Katherine Wilson,2026-04,Principal,Technology & Digital,114,160,71.5
1099,Amy Smith,2025-01,Principal,HR & People,103,160,64.2
1099,Amy Smith,2025-02,Principal,HR & People,97,160,60.7
1099,Amy Smith,2025-03,Principal,HR & People,105,160,65.8
1099,Amy Smith,2025-04,Principal,HR & People,101,160,63.0
1099,Amy Smith,2025-05,Principal,HR & People,96,160,60.0
1099,Amy Smith,2025-06,Principal,HR & People,106,160,66.4
1099,Amy Smith,2025-07,Principal,HR & People,101,160,63.1
1099,Amy Smith,2025-08,Principal,HR & People,111,160,69.4
1099,Amy Smith,2025-09,Principal,HR & People,99,160,61.7
1099,Amy Smith,2025-10,Principal,HR & People,91,160,56.9
1099,Amy Smith,2025-11,Principal,HR & People,87,160,54.2
1099,Amy Smith,2025-12,Principal,HR & People,92,160,57.3
1099,Amy Smith,2026-01,Principal,HR & People,104,160,65.1
1099,Amy Smith,2026-02,Principal,HR & People,114,160,71.5
1099,Amy Smith,2026-03,Principal,HR & People,98,160,61.5
1099,Amy Smith,2026-04,Principal,HR & People,104,160,65.2
1100,Amy Carter,2025-01,Principal,Operations Excellence,100,160,62.8
1100,Amy Carter,2025-02,Principal,Operations Excellence,94,160,58.5
1100,Amy Carter,2025-03,Principal,Operations Excellence,115,160,72.1
1100,Amy Carter,2025-04,Principal,Operations Excellence,103,160,64.1
1100,Amy Carter,2025-05,Principal,Operations Excellence,111,160,69.2
1100,Amy Carter,2025-06,Principal,Operations Excellence,94,160,58.6
1100,Amy Carter,2025-07,Principal,Operations Excellence,93,160,58.4
1100,Amy Carter,2025-08,Principal,Operations Excellence,102,160,63.9
1100,Amy Carter,2025-09,Principal,Operations Excellence,105,160,65.9
1100,Amy Carter,2025-10,Principal,Operations Excellence,98,160,61.2
1100,Amy Carter,2025-11,Principal,Operations Excellence,87,160,54.7
1100,Amy Carter,2025-12,Principal,Operations Excellence,87,160,54.4
1100,Amy Carter,2026-01,Principal,Operations Excellence,109,160,67.9
1100,Amy Carter,2026-02,Principal,Operations Excellence,110,160,68.6
1100,Amy Carter,2026-03,Principal,Operations Excellence,114,160,71.6
1100,Amy Carter,2026-04,Principal,Operations Excellence,117,160,72.8
1101,Christopher Anderson,2025-01,Principal,Finance & Risk,92,160,57.2
1101,Christopher Anderson,2025-02,Principal,Finance & Risk,102,160,63.6
1101,Christopher Anderson,2025-03,Principal,Finance & Risk,111,160,69.5
1101,Christopher Anderson,2025-04,Principal,Finance & Risk,110,160,68.6
1101,Christopher Anderson,2025-05,Principal,Finance & Risk,106,160,66.0
1101,Christopher Anderson,2025-06,Principal,Finance & Risk,117,160,72.9
1101,Christopher Anderson,2025-07,Principal,Finance & Risk,97,160,60.9
1101,Christopher Anderson,2025-08,Principal,Finance & Risk,105,160,65.3
1101,Christopher Anderson,2025-09,Principal,Finance & Risk,109,160,68.0
1101,Christopher Anderson,2025-10,Principal,Finance & Risk,89,160,55.7
1101,Christopher Anderson,2025-11,Principal,Finance & Risk,92,160,57.3
1101,Christopher Anderson,2025-12,Principal,Finance & Risk,92,160,57.3
1101,Christopher Anderson,2026-01,Principal,Finance & Risk,98,160,61.3
1101,Christopher Anderson,2026-02,Principal,Finance & Risk,99,160,61.7
1101,Christopher Anderson,2026-03,Principal,Finance & Risk,101,160,63.4
1101,Christopher Anderson,2026-04,Principal,Finance & Risk,102,160,63.8
1102,Christina Thompson,2025-01,Partner,Finance & Risk,95,160,59.5
1102,Christina Thompson,2025-02,Partner,Finance & Risk,84,160,52.8
1102,Christina Thompson,2025-03,Partner,Finance & Risk,99,160,62.1
1102,Christina Thompson,2025-04,Partner,Finance & Risk,94,160,58.5
1102,Christina Thompson,2025-05,Partner,Finance & Risk,88,160,54.9
1102,Christina Thompson,2025-06,Partner,Finance & Risk,91,160,56.9
1102,Christina Thompson,2025-07,Partner,Finance & Risk,87,160,54.3
1102,Christina Thompson,2025-08,Partner,Finance & Risk,79,160,49.2
1102,Christina Thompson,2025-09,Partner,Finance & Risk,75,160,47.1
1102,Christina Thompson,2025-10,Partner,Finance & Risk,79,160,49.3
1102,Christina Thompson,2025-11,Partner,Finance & Risk,90,160,56.5
1102,Christina Thompson,2025-12,Partner,Finance & Risk,79,160,49.1
1102,Christina Thompson,2026-01,Partner,Finance & Risk,100,160,62.8
1102,Christina Thompson,2026-02,Partner,Finance & Risk,90,160,56.0
1102,Christina Thompson,2026-03,Partner,Finance & Risk,89,160,55.9
1102,Christina Thompson,2026-04,Partner,Finance & Risk,99,160,62.2
1103,Nicole Martin,2025-01,Partner,Technology & Digital,92,160,57.4
1103,Nicole Martin,2025-02,Partner,Technology & Digital,90,160,56.5
1103,Nicole Martin,2025-03,Partner,Technology & Digital,83,160,51.8
1103,Nicole Martin,2025-04,Partner,Technology & Digital,91,160,56.7
1103,Nicole Martin,2025-05,Partner,Technology & Digital,93,160,58.1
1103,Nicole Martin,2025-06,Partner,Technology & Digital,87,160,54.7
1103,Nicole Martin,2025-07,Partner,Technology & Digital,80,160,49.8
1103,Nicole Martin,2025-08,Partner,Technology & Digital,85,160,53.4
1103,Nicole Martin,2025-09,Partner,Technology & Digital,83,160,52.1
1103,Nicole Martin,2025-10,Partner,Technology & Digital,88,160,54.8
1103,Nicole Martin,2025-11,Partner,Technology & Digital,85,160,53.1
1103,Nicole Martin,2025-12,Partner,Technology & Digital,94,160,58.5
1103,Nicole Martin,2026-01,Partner,Technology & Digital,98,160,61.5
1103,Nicole Martin,2026-02,Partner,Technology & Digital,87,160,54.2
1103,Nicole Martin,2026-03,Partner,Technology & Digital,86,160,53.5
1103,Nicole Martin,2026-04,Partner,Technology & Digital,99,160,61.6
1104,Victoria Wright,2025-01,Partner,Operations Excellence,85,160,52.8
1104,Victoria Wright,2025-02,Partner,Operations Excellence,99,160,61.9
1104,Victoria Wright,2025-03,Partner,Operations Excellence,80,160,50.2
1104,Victoria Wright,2025-04,Partner,Operations Excellence,101,160,63.0
1104,Victoria Wright,2025-05,Partner,Operations Excellence,80,160,49.9
1104,Victoria Wright,2025-06,Partner,Operations Excellence,95,160,59.3
1104,Victoria Wright,2025-07,Partner,Operations Excellence,76,160,47.4
1104,Victoria Wright,2025-08,Partner,Operations Excellence,94,160,58.6
1104,Victoria Wright,2025-09,Partner,Operations Excellence,99,160,62.1
1104,Victoria Wright,2025-10,Partner,Operations Excellence,74,160,46.4
1104,Victoria Wright,2025-11,Partner,Operations Excellence,89,160,55.8
1104,Victoria Wright,2025-12,Partner,Operations Excellence,90,160,56.3
1104,Victoria Wright,2026-01,Partner,Operations Excellence,80,160,50.1
1104,Victoria Wright,2026-02,Partner,Operations Excellence,100,160,62.6
1104,Victoria Wright,2026-03,Partner,Operations Excellence,99,160,61.7
1104,Victoria Wright,2026-04,Partner,Operations Excellence,96,160,59.8
1105,Adam King,2025-01,Partner,HR & People,79,160,49.2
1105,Adam King,2025-02,Partner,HR & People,83,160,51.8
1105,Adam King,2025-03,Partner,HR & People,82,160,51.0
1105,Adam King,2025-04,Partner,HR & People,79,160,49.5
1105,Adam King,2025-05,Partner,HR & People,86,160,53.8
1105,Adam King,2025-06,Partner,HR & People,85,160,53.0
1105,Adam King,2025-07,Partner,HR & People,87,160,54.2
1105,Adam King,2025-08,Partner,HR & People,91,160,56.6
1105,Adam King,2025-09,Partner,HR & People,90,160,56.3
1105,Adam King,2025-10,Partner,HR & People,82,160,51.5
1105,Adam King,2025-11,Partner,HR & People,92,160,57.8
1105,Adam King,2025-12,Partner,HR & People,91,160,56.9
1105,Adam King,2026-01,Partner,HR & People,89,160,55.7
1105,Adam King,2026-02,Partner,HR & People,79,160,49.6
1105,Adam King,2026-03,Partner,HR & People,103,160,64.5
1105,Adam King,2026-04,Partner,HR & People,96,160,60.2
